feedback_id,user_id,date,user_type,scene,feature,feedback,issue_category,rating,session_duration,retention,is_new_user
F200455,U100076,2026-08-24,新手玩家,卡关,人格切换,上下文记得住，不用每次都从头说,功能缺失,4,551,0,0
F200451,U100729,2026-08-24,休闲玩家,日常闲聊,对局复盘,它记得我上一把玩的是什么，接得上话,回复质量,5,857,0,0
F200457,U100550,2026-08-24,新手玩家,卡关,攻略问答,回复不长不短，正好是打游戏间隙能看完的量,回复长度,4,538,1,0
F200466,U100856,2026-08-24,回归玩家,卡关,情绪陪伴,只回了两三句，很贴心,回复长度,5,618,0,0
F200125,U100213,2026-08-24,回归玩家,上分冲分,人格切换,同一个问题问两次，说话方式差别很大,回复质量,2,357,0,0
F200177,U100168,2026-08-24,回归玩家,连败,情绪陪伴,我就想吐槽一句，它给我写了八百字,回复长度,2,785,1,0
F200180,U100765,2026-08-24,休闲玩家,连败,对局复盘,用了两周没掉过线，聊天记录都在,稳定性,5,709,1,0
F200401,U100880,2026-08-24,休闲玩家,连败,人格切换,复盘讲得挺具体，知道下一把该改什么了,回复质量,5,480,1,0
F200391,U100258,2026-08-24,新手玩家,攻略查询,攻略问答,人格切换很好玩，换一个像换了个搭子,功能缺失,4,357,1,0
F200389,U100079,2026-08-24,新手玩家,开黑组队,情绪陪伴,第一次打开就有示例，不用想说什么,交互体验,5,1024,1,0
F200367,U100846,2026-08-24,竞技玩家,上分冲分,情绪陪伴,回复经常没有理解我的意思，答非所问,回复质量,2,291,0,0
F200345,U100406,2026-08-24,竞技玩家,攻略查询,情绪陪伴,用了两周没掉过线，聊天记录都在,稳定性,5,319,1,0
F200343,U100583,2026-08-24,新手玩家,上分冲分,人格切换,说了一堆正确的废话，没有一句是我当时想听的,回复质量,2,394,0,0
F200267,U100685,2026-08-24,休闲玩家,卡关,情绪陪伴,只回了两三句，很贴心,回复长度,5,188,0,0
F200310,U100667,2026-08-24,竞技玩家,上分冲分,情绪陪伴,它记得我上一把玩的是什么，接得上话,回复质量,4,187,0,0
F200025,U100147,2026-08-24,回归玩家,连败,攻略问答,高峰期等了一分多钟才出回复,响应速度,1,491,0,0
F200212,U100052,2026-08-24,回归玩家,连败,对局复盘,只回了两三句，很贴心,回复长度,5,429,0,1
F200005,U100686,2026-08-24,竞技玩家,攻略查询,攻略问答,用了两周没掉过线，聊天记录都在,稳定性,4,144,0,0
F200280,U100293,2026-08-24,回归玩家,连败,攻略问答,选损友模式吐槽得刚好，不难受也不敷衍,回复质量,5,848,1,0
F200292,U100816,2026-08-24,回归玩家,上分冲分,人格切换,不知道怎么删掉刚才说的那句话,交互体验,2,232,0,0
F200491,U100501,2026-08-25,休闲玩家,攻略查询,攻略问答,上下文记得住，不用每次都从头说,功能缺失,4,297,0,0
F200549,U100362,2026-08-25,新手玩家,开黑组队,人格切换,速度可以，不打断我和朋友语音,响应速度,5,846,1,0
F200627,U100717,2026-08-25,回归玩家,卡关,情绪陪伴,它记得我上一把玩的是什么，接得上话,回复质量,5,218,1,0
F200222,U100207,2026-08-25,新手玩家,卡关,情绪陪伴,复盘讲得挺具体，知道下一把该改什么了,回复质量,5,217,0,0
F200536,U100057,2026-08-25,回归玩家,连败,情绪陪伴,复盘讲得挺具体，知道下一把该改什么了,回复质量,5,340,1,0
F200532,U100153,2026-08-25,回归玩家,连败,情绪陪伴,复盘讲得挺具体，知道下一把该改什么了,回复质量,5,308,1,0
F200144,U100872,2026-08-25,竞技玩家,开黑组队,情绪陪伴,用了两周没掉过线，聊天记录都在,稳定性,4,334,0,0
F200159,U100650,2026-08-25,竞技玩家,上分冲分,对局复盘,连跪的时候它没有讲大道理，先顺着我说了两句，舒服多了,回复质量,5,246,0,0
F200454,U100007,2026-08-25,回归玩家,连败,情绪陪伴,高峰期等了一分多钟才出回复,响应速度,2,533,0,0
F200381,U100568,2026-08-25,竞技玩家,连败,人格切换,上下文记得住，不用每次都从头说,功能缺失,5,352,1,0
F200083,U100498,2026-08-25,竞技玩家,日常闲聊,攻略问答,用了两周没掉过线，聊天记录都在,稳定性,4,638,0,0
F200085,U100653,2026-08-25,休闲玩家,上分冲分,攻略问答,第一次使用不知道该输入什么，愣了半天,交互体验,1,340,0,0
F200136,U100246,2026-08-25,回归玩家,开黑组队,情绪陪伴,连跪的时候它没有讲大道理，先顺着我说了两句，舒服多了,回复质量,5,951,1,0
F200297,U100516,2026-08-25,新手玩家,卡关,对局复盘,它记得我上一把玩的是什么，接得上话,回复质量,5,529,1,0
F200185,U100513,2026-08-25,竞技玩家,上分冲分,攻略问答,只回了两三句，很贴心,回复长度,5,418,0,0
F200413,U100063,2026-08-25,新手玩家,卡关,情绪陪伴,页面挺清爽，选完人格直接开聊,交互体验,4,289,1,0
F200448,U100709,2026-08-25,竞技玩家,攻略查询,上下文记忆,每次都一大段，重点还得我自己找,回复长度,2,222,1,0
F200507,U100688,2026-08-25,竞技玩家,上分冲分,上下文记忆,内容不错，但要我先解释半天背景,回复质量,3,443,0,0
F200192,U100382,2026-08-25,新手玩家,日常闲聊,攻略问答,用了两周没掉过线，聊天记录都在,稳定性,5,836,0,1
F200602,U100340,2026-08-25,竞技玩家,日常闲聊,攻略问答,复盘讲得挺具体，知道下一把该改什么了,回复质量,5,506,0,0
F200013,U100400,2026-08-25,竞技玩家,日常闲聊,情绪陪伴,速度可以，不打断我和朋友语音,响应速度,5,407,0,0
F200422,U100881,2026-08-25,竞技玩家,卡关,人格切换,回复经常没有理解我的意思，答非所问,回复质量,1,409,0,0
F200228,U100357,2026-08-26,竞技玩家,连败,攻略问答,复盘讲得挺具体，知道下一把该改什么了,回复质量,5,780,1,0
F200492,U100163,2026-08-26,竞技玩家,日常闲聊,上下文记忆,偶尔会报错，需要重新开一个对话,稳定性,2,491,0,0
F200427,U100034,2026-08-26,新手玩家,上分冲分,对局复盘,连跪的时候它没有讲大道理，先顺着我说了两句，舒服多了,回复质量,5,415,1,0
F200475,U100000,2026-08-26,新手玩家,日常闲聊,对局复盘,偶尔会转圈，刷新一下就好了,稳定性,3,852,0,0
F200410,U100088,2026-08-26,休闲玩家,上分冲分,上下文记忆,一句吐槽回得很快，长一点的复盘就要等,响应速度,3,444,0,0
F200516,U100256,2026-08-26,竞技玩家,连败,对局复盘,连跪的时候它没有讲大道理，先顺着我说了两句，舒服多了,回复质量,5,367,1,0
F200108,U100776,2026-08-26,新手玩家,上分冲分,情绪陪伴,第一次打开就有示例，不用想说什么,交互体验,5,258,1,0
F200514,U100062,2026-08-26,竞技玩家,连败,情绪陪伴,回复不长不短，正好是打游戏间隙能看完的量,回复长度,5,725,1,0
F200380,U100872,2026-08-26,竞技玩家,开黑组队,对局复盘,用了两周没掉过线，聊天记录都在,稳定性,4,1153,1,0
F200118,U100535,2026-08-26,休闲玩家,开黑组队,对局复盘,回复不长不短，正好是打游戏间隙能看完的量,回复长度,5,1052,1,0
F200084,U100167,2026-08-26,新手玩家,上分冲分,对局复盘,它记得我上一把玩的是什么，接得上话,回复质量,5,158,1,0
F200483,U100361,2026-08-26,休闲玩家,连败,人格切换,回复经常没有理解我的意思，答非所问,回复质量,2,791,0,0
F200519,U100286,2026-08-26,休闲玩家,连败,情绪陪伴,第一次打开就有示例，不用想说什么,交互体验,5,744,1,1
F200518,U100115,2026-08-26,新手玩家,开黑组队,攻略问答,选损友模式吐槽得刚好，不难受也不敷衍,回复质量,5,475,1,0
F200534,U100356,2026-08-26,回归玩家,上分冲分,情绪陪伴,人格切换很好玩，换一个像换了个搭子,功能缺失,5,213,0,0
F200557,U100866,2026-08-26,竞技玩家,日常闲聊,情绪陪伴,用了两周没掉过线，聊天记录都在,稳定性,4,827,1,0
F200359,U100846,2026-08-26,竞技玩家,卡关,情绪陪伴,上下文记得住，不用每次都从头说,功能缺失,5,363,1,0
F200435,U100226,2026-08-26,新手玩家,上分冲分,情绪陪伴,页面挺清爽，选完人格直接开聊,交互体验,5,383,1,0
F200235,U100607,2026-08-26,休闲玩家,上分冲分,人格切换,它记得我上一把玩的是什么，接得上话,回复质量,4,177,0,0
F200439,U100753,2026-08-26,休闲玩家,开黑组队,对局复盘,我都说了烦死了，它还在教我调整心态,回复质量,2,471,0,0
F200308,U100401,2026-08-26,休闲玩家,日常闲聊,情绪陪伴,上下文记得住，不用每次都从头说,功能缺失,5,562,0,0
F200137,U100208,2026-08-26,竞技玩家,卡关,人格切换,第一次打开就有示例，不用想说什么,交互体验,5,242,0,0
F200600,U100834,2026-08-26,休闲玩家,连败,攻略问答,只回了两三句，很贴心,回复长度,5,862,0,0
F200610,U100031,2026-08-26,回归玩家,开黑组队,上下文记忆,回复挺快，局间那点时间也够用,响应速度,5,386,0,0
F200579,U100133,2026-08-26,休闲玩家,连败,情绪陪伴,不知道在哪儿切换游戏，找了很久,交互体验,2,501,0,1
F200161,U100008,2026-08-26,休闲玩家,上分冲分,对局复盘,同一个问题问两次，说话方式差别很大,回复质量,2,194,1,0
F200230,U100361,2026-08-26,休闲玩家,连败,情绪陪伴,生成到一半停住了，还要重新问一次,响应速度,2,738,0,0
F200342,U100701,2026-08-26,回归玩家,连败,对局复盘,不支持多设备同步，手机上聊的电脑上看不到,功能缺失,2,828,0,1
F200247,U100761,2026-08-26,新手玩家,卡关,人格切换,回复挺快，局间那点时间也够用,响应速度,5,621,0,0
F200140,U100646,2026-08-26,回归玩家,日常闲聊,情绪陪伴,人格切换很好玩，换一个像换了个搭子,功能缺失,4,493,1,1
F200289,U100457,2026-08-26,休闲玩家,日常闲聊,上下文记忆,只回了两三句，很贴心,回复长度,5,591,0,0
F200038,U100169,2026-08-27,休闲玩家,日常闲聊,情绪陪伴,上下文记得住，不用每次都从头说,功能缺失,5,756,1,0
F200324,U100731,2026-08-27,新手玩家,攻略查询,上下文记忆,不知道怎么删掉刚才说的那句话,交互体验,2,187,0,0
F200203,U100149,2026-08-27,休闲玩家,连败,情绪陪伴,选损友模式吐槽得刚好，不难受也不敷衍,回复质量,5,689,1,0
F200174,U100894,2026-08-27,休闲玩家,攻略查询,对局复盘,复盘讲得挺具体，知道下一把该改什么了,回复质量,5,318,0,0
F200335,U100379,2026-08-27,回归玩家,日常闲聊,情绪陪伴,只回了两三句，很贴心,回复长度,5,447,0,0
F200450,U100450,2026-08-27,回归玩家,卡关,对局复盘,只回了两三句，很贴心,回复长度,5,566,1,0
F200029,U100359,2026-08-27,新手玩家,连败,情绪陪伴,第一次打开就有示例，不用想说什么,交互体验,4,248,1,0
F200487,U100811,2026-08-27,休闲玩家,上分冲分,情绪陪伴,生成到一半停住了，还要重新问一次,响应速度,2,268,1,0
F200404,U100546,2026-08-27,竞技玩家,攻略查询,上下文记忆,选损友模式吐槽得刚好，不难受也不敷衍,回复质量,5,279,0,0
F200436,U100741,2026-08-27,休闲玩家,上分冲分,人格切换,不支持多设备同步，手机上聊的电脑上看不到,功能缺失,2,336,0,0
F200511,U100080,2026-08-27,新手玩家,日常闲聊,情绪陪伴,回复有点慢，等它加载完我下一把都开了,响应速度,2,888,0,1
F200200,U100133,2026-08-27,休闲玩家,连败,对局复盘,回复不长不短，正好是打游戏间隙能看完的量,回复长度,4,612,1,1
F200238,U100224,2026-08-27,竞技玩家,连败,对局复盘,偶尔会报错，需要重新开一个对话,稳定性,1,790,0,0
F200362,U100299,2026-08-27,休闲玩家,开黑组队,情绪陪伴,它记得我上一把玩的是什么，接得上话,回复质量,5,474,0,1
F200375,U100245,2026-08-27,竞技玩家,上分冲分,攻略问答,选损友模式吐槽得刚好，不难受也不敷衍,回复质量,4,251,0,0
F200567,U100434,2026-08-27,竞技玩家,开黑组队,攻略问答,第一次打开就有示例，不用想说什么,交互体验,4,863,1,0
F200542,U100197,2026-08-27,竞技玩家,上分冲分,情绪陪伴,人格切换很好玩，换一个像换了个搭子,功能缺失,5,212,0,0
F200377,U100750,2026-08-28,回归玩家,日常闲聊,情绪陪伴,回复挺快，局间那点时间也够用,响应速度,5,182,0,0
F200462,U100049,2026-08-28,休闲玩家,连败,攻略问答,回复不长不短，正好是打游戏间隙能看完的量,回复长度,5,460,0,0
F200151,U100508,2026-08-28,竞技玩家,日常闲聊,情绪陪伴,人格切换很好玩，换一个像换了个搭子,功能缺失,5,556,1,0
F200614,U100157,2026-08-28,休闲玩家,卡关,攻略问答,它记得我上一把玩的是什么，接得上话,回复质量,5,470,0,0
F200508,U100079,2026-08-28,新手玩家,开黑组队,对局复盘,内容不错，但要我先解释半天背景,回复质量,3,999,1,0
F200041,U100037,2026-08-28,竞技玩家,攻略查询,情绪陪伴,速度一般，打团的时候不太方便等,响应速度,3,144,0,0
F200245,U100175,2026-08-28,回归玩家,攻略查询,上下文记忆,我只要一句安慰，它给我列了五条建议,回复长度,2,276,1,0
F200541,U100048,2026-08-28,休闲玩家,连败,情绪陪伴,上下文记得住，不用每次都从头说,功能缺失,5,798,0,0
F200036,U100605,2026-08-28,新手玩家,攻略查询,对局复盘,复盘讲得挺具体，知道下一把该改什么了,回复质量,5,307,1,0
F200578,U100198,2026-08-28,休闲玩家,卡关,攻略问答,偶尔会转圈，刷新一下就好了,稳定性,3,585,1,0
F200197,U100534,2026-08-28,竞技玩家,卡关,人格切换,回复不长不短，正好是打游戏间隙能看完的量,回复长度,4,216,0,0
F200594,U100116,2026-08-28,竞技玩家,上分冲分,攻略问答,上下文记得住，不用每次都从头说,功能缺失,4,155,0,0
F200482,U100720,2026-08-28,竞技玩家,上分冲分,攻略问答,我只要一句安慰，它给我列了五条建议,回复长度,2,461,0,0
F200334,U100776,2026-08-28,新手玩家,上分冲分,情绪陪伴,一句吐槽回得很快，长一点的复盘就要等,响应速度,3,470,1,0
F200513,U100056,2026-08-28,休闲玩家,连败,情绪陪伴,用了两周没掉过线，聊天记录都在,稳定性,4,476,0,0
F200447,U100387,2026-08-29,休闲玩家,攻略查询,情绪陪伴,同一个问题问两次，说话方式差别很大,回复质量,2,133,1,0
F200134,U100303,2026-08-29,新手玩家,攻略查询,上下文记忆,回复挺快，局间那点时间也够用,响应速度,5,191,1,0
F200153,U100131,2026-08-29,休闲玩家,攻略查询,攻略问答,人格切换很好玩，换一个像换了个搭子,功能缺失,5,141,0,0
F200121,U100497,2026-08-29,回归玩家,上分冲分,情绪陪伴,选损友模式吐槽得刚好，不难受也不敷衍,回复质量,5,246,0,0
F200467,U100780,2026-08-29,新手玩家,日常闲聊,情绪陪伴,用了两周没掉过线，聊天记录都在,稳定性,4,420,0,0
F200171,U100053,2026-08-29,休闲玩家,上分冲分,情绪陪伴,第一次打开就有示例，不用想说什么,交互体验,4,176,0,0
F200123,U100461,2026-08-29,竞技玩家,上分冲分,对局复盘,人格切换很好玩，换一个像换了个搭子,功能缺失,5,318,0,0
F200148,U100006,2026-08-29,竞技玩家,卡关,攻略问答,人格切换很好玩，换一个像换了个搭子,功能缺失,5,443,1,0
F200461,U100746,2026-08-29,竞技玩家,日常闲聊,攻略问答,不知道怎么删掉刚才说的那句话,交互体验,2,457,0,1
F200431,U100748,2026-08-29,竞技玩家,攻略查询,情绪陪伴,不支持多设备同步，手机上聊的电脑上看不到,功能缺失,1,104,0,0
F200273,U100424,2026-08-29,竞技玩家,日常闲聊,攻略问答,说了一堆正确的废话，没有一句是我当时想听的,回复质量,2,223,0,0
F200499,U100103,2026-08-29,休闲玩家,卡关,情绪陪伴,上下文记得住，不用每次都从头说,功能缺失,4,497,0,0
F200547,U100844,2026-08-29,休闲玩家,卡关,情绪陪伴,只回了两三句，很贴心,回复长度,4,219,0,0
F200048,U100695,2026-08-29,新手玩家,攻略查询,情绪陪伴,回复不长不短，正好是打游戏间隙能看完的量,回复长度,5,194,0,1
F200584,U100025,2026-08-29,竞技玩家,卡关,对局复盘,有时候回复会稍微长一点，需要划两下,回复长度,3,532,1,0
F200277,U100729,2026-08-29,休闲玩家,日常闲聊,攻略问答,高峰期等了一分多钟才出回复,响应速度,2,714,0,0
F200596,U100433,2026-08-29,竞技玩家,上分冲分,情绪陪伴,回复不长不短，正好是打游戏间隙能看完的量,回复长度,5,398,1,0
F200558,U100137,2026-08-29,回归玩家,卡关,情绪陪伴,回复挺快，局间那点时间也够用,响应速度,5,576,0,1
F200395,U100875,2026-08-29,竞技玩家,日常闲聊,人格切换,说了一堆正确的废话，没有一句是我当时想听的,回复质量,1,276,0,0
F200598,U100035,2026-08-29,竞技玩家,连败,攻略问答,人格切换很好玩，换一个像换了个搭子,功能缺失,5,829,1,0
F200619,U100482,2026-08-29,回归玩家,上分冲分,对局复盘,人格切换很好玩，换一个像换了个搭子,功能缺失,5,163,0,0
F200611,U100854,2026-08-29,竞技玩家,卡关,上下文记忆,只回了两三句，很贴心,回复长度,5,418,1,0
F200595,U100191,2026-08-30,回归玩家,开黑组队,对局复盘,偶尔会报错，需要重新开一个对话,稳定性,2,779,0,0
F200305,U100671,2026-08-30,休闲玩家,攻略查询,攻略问答,用了两周没掉过线，聊天记录都在,稳定性,5,354,0,1
F200632,U100583,2026-08-30,新手玩家,连败,攻略问答,用了两周没掉过线，聊天记录都在,稳定性,5,298,0,0
F200244,U100058,2026-08-30,休闲玩家,连败,人格切换,上下文记得住，不用每次都从头说,功能缺失,5,423,1,1
F200053,U100694,2026-08-30,休闲玩家,开黑组队,情绪陪伴,回复挺快，局间那点时间也够用,响应速度,5,884,1,0
F200490,U100847,2026-08-30,新手玩家,连败,情绪陪伴,选损友模式吐槽得刚好，不难受也不敷衍,回复质量,4,454,1,0
F200019,U100769,2026-08-30,休闲玩家,上分冲分,对局复盘,选损友模式吐槽得刚好，不难受也不敷衍,回复质量,4,462,1,0
F200592,U100770,2026-08-30,竞技玩家,攻略查询,对局复盘,页面挺清爽，选完人格直接开聊,交互体验,4,100,0,0
F200158,U100554,2026-08-30,休闲玩家,开黑组队,攻略问答,上下文记得住，不用每次都从头说,功能缺失,5,437,1,0
F200607,U100012,2026-08-30,竞技玩家,连败,攻略问答,复盘讲得挺具体，知道下一把该改什么了,回复质量,5,839,0,0
F200540,U100066,2026-08-30,休闲玩家,开黑组队,人格切换,偶尔会报错，需要重新开一个对话,稳定性,1,713,0,0
F200425,U100645,2026-08-30,休闲玩家,日常闲聊,对局复盘,第一次打开就有示例，不用想说什么,交互体验,5,336,0,0
F200170,U100822,2026-08-30,新手玩家,开黑组队,攻略问答,速度可以，不打断我和朋友语音,响应速度,4,704,1,0
F200423,U100297,2026-08-30,新手玩家,上分冲分,情绪陪伴,人格切换很好玩，换一个像换了个搭子,功能缺失,5,298,1,0
F200216,U100713,2026-08-30,竞技玩家,卡关,情绪陪伴,只回了两三句，很贴心,回复长度,4,667,0,0
F200191,U100007,2026-08-30,回归玩家,卡关,情绪陪伴,页面挺清爽，选完人格直接开聊,交互体验,5,602,1,0
F200096,U100273,2026-08-30,回归玩家,连败,情绪陪伴,上下文记得住，不用每次都从头说,功能缺失,5,878,0,0
F200424,U100267,2026-08-30,竞技玩家,连败,情绪陪伴,第一次打开就有示例，不用想说什么,交互体验,5,431,0,0
F200094,U100832,2026-08-30,竞技玩家,攻略查询,人格切换,用了两周没掉过线，聊天记录都在,稳定性,4,196,1,1
F200303,U100616,2026-08-30,新手玩家,上分冲分,情绪陪伴,回复不长不短，正好是打游戏间隙能看完的量,回复长度,5,123,0,0
F200271,U100507,2026-08-31,休闲玩家,连败,情绪陪伴,用了两周没掉过线，聊天记录都在,稳定性,5,535,1,0
F200270,U100853,2026-08-31,竞技玩家,开黑组队,攻略问答,选损友模式吐槽得刚好，不难受也不敷衍,回复质量,4,438,0,0
F200317,U100116,2026-08-31,竞技玩家,连败,对局复盘,选损友模式吐槽得刚好，不难受也不敷衍,回复质量,5,363,0,0
F200356,U100056,2026-08-31,休闲玩家,攻略查询,攻略问答,回复挺快，局间那点时间也够用,响应速度,5,320,0,0
F200229,U100449,2026-08-31,竞技玩家,日常闲聊,攻略问答,上下文记得住，不用每次都从头说,功能缺失,5,812,1,0
F200336,U100115,2026-08-31,新手玩家,连败,情绪陪伴,复盘讲得挺具体，知道下一把该改什么了,回复质量,4,366,0,0
F200340,U100709,2026-08-31,竞技玩家,上分冲分,攻略问答,页面挺清爽，选完人格直接开聊,交互体验,5,171,0,0
F200369,U100829,2026-08-31,休闲玩家,卡关,上下文记忆,它记得我上一把玩的是什么，接得上话,回复质量,4,700,0,0
F200432,U100698,2026-08-31,竞技玩家,日常闲聊,对局复盘,选损友模式吐槽得刚好，不难受也不敷衍,回复质量,4,852,1,0
F200275,U100423,2026-08-31,竞技玩家,连败,攻略问答,复盘讲得挺具体，知道下一把该改什么了,回复质量,5,721,1,0
F200322,U100604,2026-08-31,竞技玩家,上分冲分,情绪陪伴,上下文记得住，不用每次都从头说,功能缺失,5,209,1,0
F200243,U100719,2026-08-31,竞技玩家,上分冲分,人格切换,只回了两三句，很贴心,回复长度,5,138,1,0
F200639,U100467,2026-08-31,休闲玩家,日常闲聊,对局复盘,回复不长不短，正好是打游戏间隙能看完的量,回复长度,5,864,0,0
F200537,U100407,2026-08-31,竞技玩家,上分冲分,情绪陪伴,希望能一键组队，现在只能自己找人,功能缺失,2,378,0,0
F200049,U100035,2026-08-31,竞技玩家,开黑组队,情绪陪伴,复盘讲得挺具体，知道下一把该改什么了,回复质量,4,694,1,0
F200624,U100120,2026-08-31,竞技玩家,连败,对局复盘,第一次打开就有示例，不用想说什么,交互体验,5,594,0,0
F200460,U100296,2026-08-31,竞技玩家,连败,上下文记忆,第一次打开就有示例，不用想说什么,交互体验,5,779,1,1
F200037,U100095,2026-08-31,竞技玩家,日常闲聊,对局复盘,希望能一键组队，现在只能自己找人,功能缺失,1,336,0,1
F200597,U100073,2026-08-31,休闲玩家,连败,情绪陪伴,回复太长了，打游戏的时候根本看不完,回复长度,2,316,0,0
F200548,U100067,2026-08-31,回归玩家,开黑组队,情绪陪伴,聊到一半断了，之前的上下文也没了,稳定性,2,855,1,0
F200116,U100784,2026-08-31,休闲玩家,攻略查询,情绪陪伴,希望能自动读我的战绩，不用每次自己说,功能缺失,3,314,0,0
F200093,U100352,2026-08-31,休闲玩家,上分冲分,对局复盘,用了两周没掉过线，聊天记录都在,稳定性,5,145,1,0
F200565,U100203,2026-09-01,新手玩家,连败,攻略问答,希望能自动读我的战绩，不用每次自己说,功能缺失,3,820,0,0
F200397,U100509,2026-09-01,竞技玩家,上分冲分,情绪陪伴,它记得我上一把玩的是什么，接得上话,回复质量,4,428,0,0
F200098,U100808,2026-09-01,休闲玩家,卡关,情绪陪伴,页面挺清爽，选完人格直接开聊,交互体验,4,243,0,0
F200393,U100575,2026-09-01,休闲玩家,连败,对局复盘,速度可以，不打断我和朋友语音,响应速度,5,617,0,0
F200242,U100480,2026-09-01,回归玩家,开黑组队,对局复盘,人格切换很好玩，换一个像换了个搭子,功能缺失,5,379,1,0
F200347,U100425,2026-09-01,竞技玩家,上分冲分,攻略问答,一句吐槽回得很快，长一点的复盘就要等,响应速度,3,367,1,0
F200562,U100718,2026-09-01,竞技玩家,上分冲分,情绪陪伴,选损友模式吐槽得刚好，不难受也不敷衍,回复质量,4,372,0,1
F200576,U100794,2026-09-01,回归玩家,日常闲聊,对局复盘,连跪的时候它没有讲大道理，先顺着我说了两句，舒服多了,回复质量,5,372,0,1
F200384,U100075,2026-09-01,休闲玩家,开黑组队,情绪陪伴,页面挺清爽，选完人格直接开聊,交互体验,5,664,0,0
F200382,U100115,2026-09-01,新手玩家,连败,人格切换,选损友模式吐槽得刚好，不难受也不敷衍,回复质量,5,785,1,0
F200354,U100827,2026-09-01,竞技玩家,连败,攻略问答,只回了两三句，很贴心,回复长度,4,269,1,0
F200066,U100721,2026-09-01,回归玩家,开黑组队,情绪陪伴,页面挺清爽，选完人格直接开聊,交互体验,5,705,0,1
F200379,U100378,2026-09-01,竞技玩家,卡关,攻略问答,用了两周没掉过线，聊天记录都在,稳定性,4,683,1,1
F200157,U100763,2026-09-01,竞技玩家,上分冲分,攻略问答,第一次打开就有示例，不用想说什么,交互体验,5,329,1,0
F200079,U100133,2026-09-01,休闲玩家,连败,人格切换,它记得我上一把玩的是什么，接得上话,回复质量,5,853,1,1
F200236,U100773,2026-09-01,竞技玩家,连败,情绪陪伴,用了两周没掉过线，聊天记录都在,稳定性,5,266,0,0
F200408,U100013,2026-09-01,休闲玩家,攻略查询,攻略问答,连跪的时候它没有讲大道理，先顺着我说了两句，舒服多了,回复质量,5,250,0,0
F200287,U100207,2026-09-01,新手玩家,日常闲聊,上下文记忆,选损友模式吐槽得刚好，不难受也不敷衍,回复质量,5,779,0,0
F200405,U100486,2026-09-01,回归玩家,攻略查询,情绪陪伴,人格切换很好玩，换一个像换了个搭子,功能缺失,5,262,0,0
F200184,U100070,2026-09-01,竞技玩家,日常闲聊,情绪陪伴,内容不错，但要我先解释半天背景,回复质量,3,357,1,0
F200636,U100767,2026-09-01,回归玩家,日常闲聊,攻略问答,有时候能接住我的情绪，有时候又变成讲道理,回复质量,3,596,0,0
F200183,U100424,2026-09-01,竞技玩家,卡关,情绪陪伴,速度可以，不打断我和朋友语音,响应速度,5,250,1,0
F200625,U100206,2026-09-01,回归玩家,攻略查询,情绪陪伴,页面挺清爽，选完人格直接开聊,交互体验,5,98,0,0
F200332,U100209,2026-09-01,竞技玩家,开黑组队,情绪陪伴,复盘讲得挺具体，知道下一把该改什么了,回复质量,5,537,0,0
F200328,U100660,2026-09-01,新手玩家,上分冲分,上下文记忆,只回了两三句，很贴心,回复长度,5,448,0,0
F200307,U100652,2026-09-01,新手玩家,卡关,上下文记忆,打完一把想马上吐槽，结果卡在那儿不动,响应速度,2,606,0,1
F200486,U100015,2026-09-01,回归玩家,卡关,对局复盘,同一个问题问两次，说话方式差别很大,回复质量,2,617,1,0
F200249,U100416,2026-09-01,回归玩家,开黑组队,上下文记忆,人格切换很好玩，换一个像换了个搭子,功能缺失,4,847,0,0
F200603,U100782,2026-09-01,回归玩家,上分冲分,情绪陪伴,第一次打开就有示例，不用想说什么,交互体验,5,258,0,0
F200008,U100155,2026-09-02,休闲玩家,攻略查询,情绪陪伴,页面挺清爽，选完人格直接开聊,交互体验,4,163,1,1
F200612,U100113,2026-09-02,新手玩家,连败,攻略问答,速度可以，不打断我和朋友语音,响应速度,4,481,0,0
F200065,U100355,2026-09-02,回归玩家,连败,攻略问答,上下文记得住，不用每次都从头说,功能缺失,5,492,1,0
F200064,U100283,2026-09-02,回归玩家,卡关,攻略问答,聊到一半断了，之前的上下文也没了,稳定性,2,438,0,0
F200312,U100863,2026-09-02,休闲玩家,日常闲聊,人格切换,用了两周没掉过线，聊天记录都在,稳定性,5,311,0,0
F200070,U100552,2026-09-02,休闲玩家,上分冲分,上下文记忆,速度可以，不打断我和朋友语音,响应速度,4,450,0,0
F200316,U100498,2026-09-02,竞技玩家,日常闲聊,人格切换,希望能先给一句结论，再展开,回复长度,3,255,0,0
F200028,U100100,2026-09-02,休闲玩家,卡关,对局复盘,说了一堆正确的废话，没有一句是我当时想听的,回复质量,2,454,0,0
F200563,U100853,2026-09-02,竞技玩家,连败,攻略问答,连跪的时候它没有讲大道理，先顺着我说了两句，舒服多了,回复质量,5,333,0,0
F200256,U100133,2026-09-02,休闲玩家,连败,情绪陪伴,人格切换很好玩，换一个像换了个搭子,功能缺失,5,547,0,1
F200588,U100188,2026-09-02,休闲玩家,上分冲分,情绪陪伴,用了两周没掉过线，聊天记录都在,稳定性,5,155,0,0
F200581,U100416,2026-09-02,回归玩家,开黑组队,情绪陪伴,人格切换很好玩，换一个像换了个搭子,功能缺失,5,711,0,0
F200252,U100839,2026-09-02,新手玩家,卡关,情绪陪伴,人格切换很好玩，换一个像换了个搭子,功能缺失,5,323,1,0
F200052,U100082,2026-09-02,竞技玩家,日常闲聊,情绪陪伴,人格切换很好玩，换一个像换了个搭子,功能缺失,5,254,0,0
F200572,U100586,2026-09-02,休闲玩家,开黑组队,情绪陪伴,回复不长不短，正好是打游戏间隙能看完的量,回复长度,4,722,0,0
F200062,U100443,2026-09-02,竞技玩家,卡关,对局复盘,看不懂四个人格的区别，随便选了一个,交互体验,2,520,0,0
F200327,U100551,2026-09-02,新手玩家,连败,对局复盘,有时候能接住我的情绪，有时候又变成讲道理,回复质量,3,520,0,1
F200445,U100872,2026-09-02,竞技玩家,开黑组队,上下文记忆,希望能直接导入战绩截图，现在只能手动打字,功能缺失,2,773,0,0
F200147,U100784,2026-09-02,休闲玩家,开黑组队,攻略问答,如果有语音陪伴就更好了,功能缺失,3,316,0,0
F200465,U100809,2026-09-02,竞技玩家,连败,上下文记忆,第一次打开就有示例，不用想说什么,交互体验,5,806,0,0
F200453,U100832,2026-09-02,竞技玩家,攻略查询,情绪陪伴,页面挺清爽，选完人格直接开聊,交互体验,5,355,0,1
F200388,U100324,2026-09-02,休闲玩家,上分冲分,情绪陪伴,回复挺快，局间那点时间也够用,响应速度,5,447,0,0
F200087,U100369,2026-09-02,竞技玩家,连败,攻略问答,上下文记得住，不用每次都从头说,功能缺失,5,826,1,0
F200527,U100411,2026-09-02,竞技玩家,攻略查询,情绪陪伴,第一次打开就有示例，不用想说什么,交互体验,5,188,1,0
F200081,U100561,2026-09-02,回归玩家,卡关,攻略问答,只回了两三句，很贴心,回复长度,4,407,0,0
F200209,U100788,2026-09-02,回归玩家,日常闲聊,情绪陪伴,人格切换很好玩，换一个像换了个搭子,功能缺失,5,860,0,0
F200172,U100281,2026-09-02,回归玩家,日常闲聊,攻略问答,选损友模式吐槽得刚好，不难受也不敷衍,回复质量,5,524,1,0
F200078,U100391,2026-09-02,竞技玩家,日常闲聊,攻略问答,人格切换很好玩，换一个像换了个搭子,功能缺失,5,783,1,0
F200182,U100159,2026-09-02,竞技玩家,日常闲聊,情绪陪伴,它记得我上一把玩的是什么，接得上话,回复质量,5,413,1,0
F200102,U100454,2026-09-02,休闲玩家,卡关,情绪陪伴,复盘讲得挺具体，知道下一把该改什么了,回复质量,4,447,1,0
F200152,U100696,2026-09-02,新手玩家,日常闲聊,攻略问答,连跪的时候它没有讲大道理，先顺着我说了两句，舒服多了,回复质量,5,547,0,0
F200493,U100620,2026-09-02,新手玩家,连败,上下文记忆,人格切换很好玩，换一个像换了个搭子,功能缺失,4,387,0,1
F200505,U100082,2026-09-02,竞技玩家,日常闲聊,情绪陪伴,用了两周没掉过线，聊天记录都在,稳定性,4,696,0,0
F200190,U100293,2026-09-02,回归玩家,开黑组队,情绪陪伴,人格切换很好玩，换一个像换了个搭子,功能缺失,5,459,0,0
F200570,U100017,2026-09-03,竞技玩家,连败,情绪陪伴,上下文记得住，不用每次都从头说,功能缺失,4,593,0,0
F200251,U100632,2026-09-03,回归玩家,卡关,攻略问答,页面挺清爽，选完人格直接开聊,交互体验,5,649,1,1
F200026,U100590,2026-09-03,竞技玩家,上分冲分,对局复盘,人格切换很好玩，换一个像换了个搭子,功能缺失,5,249,0,0
F200605,U100640,2026-09-03,竞技玩家,攻略查询,情绪陪伴,选损友模式吐槽得刚好，不难受也不敷衍,回复质量,5,115,0,0
F200130,U100440,2026-09-03,休闲玩家,攻略查询,人格切换,页面挺清爽，选完人格直接开聊,交互体验,4,280,0,1
F200111,U100303,2026-09-03,新手玩家,攻略查询,攻略问答,选损友模式吐槽得刚好，不难受也不敷衍,回复质量,4,100,0,0
F200472,U100728,2026-09-03,休闲玩家,日常闲聊,情绪陪伴,有时候能接住我的情绪，有时候又变成讲道理,回复质量,3,793,0,1
F200241,U100151,2026-09-03,竞技玩家,连败,攻略问答,复盘讲得挺具体，知道下一把该改什么了,回复质量,5,333,0,0
F200390,U100341,2026-09-03,休闲玩家,上分冲分,上下文记忆,用了两周没掉过线，聊天记录都在,稳定性,5,424,0,0
F200480,U100452,2026-09-03,休闲玩家,上分冲分,对局复盘,人格切换很好玩，换一个像换了个搭子,功能缺失,4,173,0,0
F200306,U100330,2026-09-03,竞技玩家,上分冲分,对局复盘,不知道在哪儿切换游戏，找了很久,交互体验,2,476,0,1
F200035,U100009,2026-09-03,竞技玩家,日常闲聊,攻略问答,页面挺清爽，选完人格直接开聊,交互体验,5,886,0,0
F200217,U100711,2026-09-03,休闲玩家,连败,攻略问答,速度可以，不打断我和朋友语音,响应速度,5,701,0,0
F200233,U100071,2026-09-03,回归玩家,卡关,人格切换,速度可以，不打断我和朋友语音,响应速度,5,193,1,0
F200011,U100296,2026-09-03,竞技玩家,连败,对局复盘,选损友模式吐槽得刚好，不难受也不敷衍,回复质量,5,859,0,1
F200353,U100605,2026-09-03,新手玩家,开黑组队,上下文记忆,选损友模式吐槽得刚好，不难受也不敷衍,回复质量,5,457,1,0
F200204,U100890,2026-09-03,休闲玩家,连败,攻略问答,生成到一半停住了，还要重新问一次,响应速度,2,706,1,1
F200296,U100402,2026-09-03,休闲玩家,上分冲分,攻略问答,第一次打开就有示例，不用想说什么,交互体验,5,337,0,0
F200429,U100275,2026-09-03,休闲玩家,日常闲聊,上下文记忆,回复不长不短，正好是打游戏间隙能看完的量,回复长度,5,820,0,0
F200294,U100189,2026-09-03,回归玩家,连败,对局复盘,希望能直接导入战绩截图，现在只能手动打字,功能缺失,2,891,0,0
F200219,U100899,2026-09-03,竞技玩家,上分冲分,上下文记忆,连跪的时候它没有讲大道理，先顺着我说了两句，舒服多了,回复质量,4,416,0,1
F200261,U100261,2026-09-04,休闲玩家,上分冲分,人格切换,用了两周没掉过线，聊天记录都在,稳定性,5,166,0,1
F200017,U100509,2026-09-04,竞技玩家,上分冲分,上下文记忆,人格切换很好玩，换一个像换了个搭子,功能缺失,5,132,0,0
F200263,U100274,2026-09-04,竞技玩家,连败,人格切换,希望能直接导入战绩截图，现在只能手动打字,功能缺失,2,818,0,0
F200283,U100219,2026-09-04,竞技玩家,开黑组队,人格切换,回复挺快，局间那点时间也够用,响应速度,4,900,0,0
F200430,U100171,2026-09-04,新手玩家,卡关,人格切换,偶尔会报错，需要重新开一个对话,稳定性,2,704,0,0
F200031,U100341,2026-09-04,休闲玩家,上分冲分,攻略问答,希望能一键组队，现在只能自己找人,功能缺失,2,292,1,0
F200473,U100518,2026-09-04,竞技玩家,卡关,情绪陪伴,手机上排版可以再宽松一点,交互体验,3,329,0,0
F200373,U100566,2026-09-04,竞技玩家,连败,情绪陪伴,选损友模式吐槽得刚好，不难受也不敷衍,回复质量,5,281,1,0
F200564,U100408,2026-09-04,休闲玩家,连败,对局复盘,选损友模式吐槽得刚好，不难受也不敷衍,回复质量,5,412,1,0
F200206,U100698,2026-09-04,竞技玩家,卡关,上下文记忆,选损友模式吐槽得刚好，不难受也不敷衍,回复质量,5,381,0,0
F200351,U100829,2026-09-04,休闲玩家,卡关,情绪陪伴,速度可以，不打断我和朋友语音,响应速度,5,475,1,0
F200517,U100806,2026-09-04,竞技玩家,连败,攻略问答,选损友模式吐槽得刚好，不难受也不敷衍,回复质量,5,611,0,0
F200489,U100231,2026-09-04,回归玩家,卡关,情绪陪伴,它记得我上一把玩的是什么，接得上话,回复质量,5,344,0,0
F200239,U100086,2026-09-04,新手玩家,攻略查询,对局复盘,选损友模式吐槽得刚好，不难受也不敷衍,回复质量,5,196,0,0
F200240,U100598,2026-09-04,回归玩家,上分冲分,人格切换,用了两周没掉过线，聊天记录都在,稳定性,5,189,1,1
F200095,U100382,2026-09-04,新手玩家,日常闲聊,攻略问答,第一次打开就有示例，不用想说什么,交互体验,4,473,0,1
F200561,U100837,2026-09-04,休闲玩家,上分冲分,对局复盘,它记得我上一把玩的是什么，接得上话,回复质量,4,363,0,0
F200106,U100204,2026-09-04,休闲玩家,连败,情绪陪伴,选损友模式吐槽得刚好，不难受也不敷衍,回复质量,5,841,0,0
F200107,U100497,2026-09-04,回归玩家,连败,对局复盘,页面挺清爽，选完人格直接开聊,交互体验,4,391,0,0
F200045,U100274,2026-09-04,竞技玩家,卡关,对局复盘,上下文记得住，不用每次都从头说,功能缺失,5,249,0,0
F200539,U100159,2026-09-04,竞技玩家,日常闲聊,情绪陪伴,人格切换很好玩，换一个像换了个搭子,功能缺失,5,576,0,0
F200109,U100027,2026-09-04,回归玩家,上分冲分,人格切换,用了两周没掉过线，聊天记录都在,稳定性,5,461,0,0
F200110,U100384,2026-09-04,回归玩家,日常闲聊,攻略问答,复盘讲得挺具体，知道下一把该改什么了,回复质量,4,695,0,0
F200068,U100233,2026-09-04,回归玩家,上分冲分,上下文记忆,连跪的时候它没有讲大道理，先顺着我说了两句，舒服多了,回复质量,5,441,1,0
F200522,U100088,2026-09-05,休闲玩家,上分冲分,情绪陪伴,看不懂四个人格的区别，随便选了一个,交互体验,2,354,0,0
F200371,U100836,2026-09-05,休闲玩家,上分冲分,对局复盘,聊到一半断了，之前的上下文也没了,稳定性,2,177,0,0
F200530,U100114,2026-09-05,休闲玩家,卡关,情绪陪伴,上下文记得住，不用每次都从头说,功能缺失,5,716,0,0
F200415,U100802,2026-09-05,新手玩家,上分冲分,情绪陪伴,上下文记得住，不用每次都从头说,功能缺失,5,191,0,0
F200618,U100617,2026-09-05,新手玩家,日常闲聊,攻略问答,人格切换很好玩，换一个像换了个搭子,功能缺失,5,409,0,0
F200604,U100796,2026-09-05,休闲玩家,卡关,攻略问答,希望能一键组队，现在只能自己找人,功能缺失,1,319,0,0
F200503,U100711,2026-09-05,休闲玩家,连败,对局复盘,上下文记得住，不用每次都从头说,功能缺失,5,562,0,0
F200477,U100042,2026-09-05,新手玩家,卡关,攻略问答,人格切换很好玩，换一个像换了个搭子,功能缺失,5,689,0,0
F200372,U100313,2026-09-05,新手玩家,连败,对局复盘,希望能直接导入战绩截图，现在只能手动打字,功能缺失,2,706,1,0
F200304,U100808,2026-09-05,休闲玩家,日常闲聊,情绪陪伴,回复挺快，局间那点时间也够用,响应速度,5,706,0,0
F200366,U100288,2026-09-05,回归玩家,上分冲分,对局复盘,上下文记得住，不用每次都从头说,功能缺失,5,443,1,0
F200319,U100525,2026-09-05,休闲玩家,开黑组队,对局复盘,选损友模式吐槽得刚好，不难受也不敷衍,回复质量,5,1004,1,0
F200122,U100040,2026-09-05,休闲玩家,开黑组队,人格切换,复盘讲得挺具体，知道下一把该改什么了,回复质量,5,798,0,1
F200071,U100841,2026-09-05,休闲玩家,日常闲聊,攻略问答,页面挺清爽，选完人格直接开聊,交互体验,4,200,0,0
F200115,U100487,2026-09-05,竞技玩家,攻略查询,对局复盘,第一次打开就有示例，不用想说什么,交互体验,5,124,1,0
F200260,U100767,2026-09-05,回归玩家,日常闲聊,情绪陪伴,连跪的时候它没有讲大道理，先顺着我说了两句，舒服多了,回复质量,4,831,0,0
F200221,U100153,2026-09-05,回归玩家,连败,上下文记忆,希望能一键组队，现在只能自己找人,功能缺失,2,892,1,0
F200090,U100697,2026-09-05,新手玩家,上分冲分,上下文记忆,选损友模式吐槽得刚好，不难受也不敷衍,回复质量,5,267,1,0
F200104,U100550,2026-09-05,新手玩家,连败,情绪陪伴,用了两周没掉过线，聊天记录都在,稳定性,5,373,0,0
F200063,U100441,2026-09-05,休闲玩家,卡关,情绪陪伴,选损友模式吐槽得刚好，不难受也不敷衍,回复质量,5,502,1,0
F200232,U100266,2026-09-05,新手玩家,卡关,情绪陪伴,不知道在哪儿切换游戏，找了很久,交互体验,2,528,0,1
F200128,U100461,2026-09-05,竞技玩家,连败,人格切换,人格切换很好玩，换一个像换了个搭子,功能缺失,4,433,0,0
F200160,U100666,2026-09-06,竞技玩家,攻略查询,对局复盘,页面挺清爽，选完人格直接开聊,交互体验,5,122,1,0
F200323,U100481,2026-09-06,回归玩家,卡关,情绪陪伴,回复不长不短，正好是打游戏间隙能看完的量,回复长度,5,311,1,0
F200469,U100012,2026-09-06,竞技玩家,连败,上下文记忆,人格切换很好玩，换一个像换了个搭子,功能缺失,5,474,1,0
F200131,U100834,2026-09-06,休闲玩家,开黑组队,人格切换,上下文记得住，不用每次都从头说,功能缺失,5,1037,0,0
F200124,U100228,2026-09-06,新手玩家,攻略查询,情绪陪伴,用了两周没掉过线，聊天记录都在,稳定性,4,240,0,0
F200416,U100062,2026-09-06,竞技玩家,日常闲聊,对局复盘,人格切换很好玩，换一个像换了个搭子,功能缺失,5,609,1,0
F200237,U100014,2026-09-06,休闲玩家,攻略查询,人格切换,内容不错，但要我先解释半天背景,回复质量,3,357,1,0
F200006,U100873,2026-09-06,新手玩家,连败,人格切换,希望能直接导入战绩截图，现在只能手动打字,功能缺失,2,692,0,0
F200409,U100520,2026-09-06,竞技玩家,卡关,情绪陪伴,回复不长不短，正好是打游戏间隙能看完的量,回复长度,5,534,0,0
F200014,U100836,2026-09-06,休闲玩家,连败,人格切换,回复有点慢，等它加载完我下一把都开了,响应速度,1,598,0,0
F200496,U100804,2026-09-06,新手玩家,开黑组队,情绪陪伴,复盘讲得挺具体，知道下一把该改什么了,回复质量,5,624,1,0
F200215,U100142,2026-09-06,竞技玩家,连败,对局复盘,复盘讲得挺具体，知道下一把该改什么了,回复质量,4,318,1,0
F200022,U100727,2026-09-06,回归玩家,上分冲分,上下文记忆,连跪的时候它没有讲大道理，先顺着我说了两句，舒服多了,回复质量,4,236,0,0
F200590,U100567,2026-09-06,竞技玩家,上分冲分,情绪陪伴,上下文记得住，不用每次都从头说,功能缺失,4,143,1,0
F200341,U100889,2026-09-06,休闲玩家,上分冲分,上下文记忆,连跪的时候它没有讲大道理，先顺着我说了两句，舒服多了,回复质量,5,392,0,1
F200318,U100289,2026-09-06,新手玩家,上分冲分,对局复盘,它记得我上一把玩的是什么，接得上话,回复质量,5,391,1,0
F200339,U100844,2026-09-06,休闲玩家,连败,情绪陪伴,回复有点慢，等它加载完我下一把都开了,响应速度,2,537,0,0
F200556,U100362,2026-09-06,新手玩家,开黑组队,对局复盘,第一次打开就有示例，不用想说什么,交互体验,4,1155,0,0
F200631,U100016,2026-09-06,竞技玩家,攻略查询,对局复盘,第一次打开就有示例，不用想说什么,交互体验,5,222,0,0
F200001,U100104,2026-09-06,竞技玩家,攻略查询,情绪陪伴,回复不长不短，正好是打游戏间隙能看完的量,回复长度,5,294,0,0
F200089,U100205,2026-09-06,休闲玩家,连败,上下文记忆,人格切换很好玩，换一个像换了个搭子,功能缺失,5,748,1,0
F200042,U100601,2026-09-07,休闲玩家,攻略查询,情绪陪伴,人格切换很好玩，换一个像换了个搭子,功能缺失,4,152,0,0
F200046,U100356,2026-09-07,回归玩家,卡关,对局复盘,同一个问题问两次，说话方式差别很大,回复质量,2,364,0,0
F200585,U100790,2026-09-07,休闲玩家,卡关,情绪陪伴,它记得我上一把玩的是什么，接得上话,回复质量,5,400,1,1
F200143,U100593,2026-09-07,回归玩家,上分冲分,情绪陪伴,连跪的时候它没有讲大道理，先顺着我说了两句，舒服多了,回复质量,5,327,0,0
F200363,U100482,2026-09-07,回归玩家,上分冲分,情绪陪伴,第一次打开就有示例，不用想说什么,交互体验,5,169,1,0
F200569,U100690,2026-09-07,新手玩家,上分冲分,人格切换,第一次使用不知道该输入什么，愣了半天,交互体验,2,261,0,0
F200538,U100889,2026-09-07,休闲玩家,日常闲聊,上下文记忆,第一次打开就有示例，不用想说什么,交互体验,5,374,1,1
F200018,U100249,2026-09-07,竞技玩家,卡关,对局复盘,回复不长不短，正好是打游戏间隙能看完的量,回复长度,5,553,0,0
F200315,U100423,2026-09-07,竞技玩家,日常闲聊,对局复盘,不知道在哪儿切换游戏，找了很久,交互体验,2,444,1,0
F200626,U100669,2026-09-07,竞技玩家,上分冲分,情绪陪伴,复盘讲得挺具体，知道下一把该改什么了,回复质量,5,281,1,0
F200020,U100286,2026-09-07,休闲玩家,开黑组队,对局复盘,页面挺清爽，选完人格直接开聊,交互体验,5,1195,1,1
F200032,U100265,2026-09-07,回归玩家,开黑组队,攻略问答,回复不长不短，正好是打游戏间隙能看完的量,回复长度,5,1184,0,0
F200056,U100648,2026-09-07,新手玩家,连败,情绪陪伴,回复挺快，局间那点时间也够用,响应速度,5,362,0,0
F200135,U100273,2026-09-07,回归玩家,连败,上下文记忆,人格挺多的，要试几次才知道哪个适合自己,交互体验,3,473,0,0
F200057,U100854,2026-09-07,竞技玩家,卡关,攻略问答,同一个问题问两次，说话方式差别很大,回复质量,2,319,0,0
F200039,U100212,2026-09-07,新手玩家,连败,情绪陪伴,它记得我上一把玩的是什么，接得上话,回复质量,5,449,1,0
F200638,U100201,2026-09-07,回归玩家,连败,情绪陪伴,上下文记得住，不用每次都从头说,功能缺失,4,796,1,0
F200231,U100382,2026-09-08,新手玩家,日常闲聊,对局复盘,第一次打开就有示例，不用想说什么,交互体验,5,419,0,1
F200043,U100363,2026-09-08,新手玩家,开黑组队,情绪陪伴,连跪的时候它没有讲大道理，先顺着我说了两句，舒服多了,回复质量,5,541,0,1
F200291,U100264,2026-09-08,新手玩家,上分冲分,上下文记忆,回复不长不短，正好是打游戏间隙能看完的量,回复长度,4,426,0,0
F200040,U100033,2026-09-08,新手玩家,日常闲聊,上下文记忆,页面挺清爽，选完人格直接开聊,交互体验,5,325,0,1
F200218,U100456,2026-09-08,休闲玩家,攻略查询,情绪陪伴,选损友模式吐槽得刚好，不难受也不敷衍,回复质量,5,337,1,0
F200378,U100595,2026-09-08,新手玩家,上分冲分,攻略问答,如果有语音陪伴就更好了,功能缺失,3,382,0,0
F200634,U100475,2026-09-08,新手玩家,开黑组队,情绪陪伴,回复挺快，局间那点时间也够用,响应速度,5,400,1,0
F200458,U100867,2026-09-08,竞技玩家,开黑组队,攻略问答,页面挺清爽，选完人格直接开聊,交互体验,5,1143,1,0
F200189,U100025,2026-09-08,竞技玩家,连败,对局复盘,速度可以，不打断我和朋友语音,响应速度,5,426,1,0
F200370,U100800,2026-09-08,竞技玩家,攻略查询,对局复盘,它记得我上一把玩的是什么，接得上话,回复质量,5,260,0,1
F200205,U100746,2026-09-08,竞技玩家,卡关,攻略问答,连跪的时候它没有讲大道理，先顺着我说了两句，舒服多了,回复质量,5,322,0,1
F200145,U100731,2026-09-08,新手玩家,攻略查询,情绪陪伴,不知道在哪儿切换游戏，找了很久,交互体验,1,343,1,0
F200188,U100472,2026-09-08,竞技玩家,开黑组队,人格切换,回复挺快，局间那点时间也够用,响应速度,4,588,1,0
F200272,U100859,2026-09-08,休闲玩家,连败,人格切换,用了两周没掉过线，聊天记录都在,稳定性,4,631,0,0
F200348,U100489,2026-09-08,竞技玩家,卡关,情绪陪伴,我都说了烦死了，它还在教我调整心态,回复质量,2,575,1,0
F200329,U100230,2026-09-08,休闲玩家,开黑组队,对局复盘,用了两周没掉过线，聊天记录都在,稳定性,5,788,0,0
F200077,U100831,2026-09-08,休闲玩家,连败,情绪陪伴,用了两周没掉过线，聊天记录都在,稳定性,5,633,1,1
F200082,U100705,2026-09-08,竞技玩家,日常闲聊,对局复盘,第一次打开就有示例，不用想说什么,交互体验,5,524,1,0
F200440,U100179,2026-09-08,回归玩家,连败,对局复盘,回复不长不短，正好是打游戏间隙能看完的量,回复长度,5,368,1,0
F200443,U100719,2026-09-08,竞技玩家,上分冲分,情绪陪伴,同一个问题问两次，说话方式差别很大,回复质量,2,354,0,0
F200420,U100729,2026-09-08,休闲玩家,上分冲分,情绪陪伴,每次都一大段，重点还得我自己找,回复长度,2,164,0,0
F200573,U100519,2026-09-08,竞技玩家,攻略查询,攻略问答,用了两周没掉过线，聊天记录都在,稳定性,4,151,0,0
F200374,U100148,2026-09-09,回归玩家,连败,人格切换,复盘讲得挺具体，知道下一把该改什么了,回复质量,4,850,1,0
F200622,U100672,2026-09-09,休闲玩家,卡关,情绪陪伴,页面挺清爽，选完人格直接开聊,交互体验,5,534,1,0
F200376,U100628,2026-09-09,休闲玩家,开黑组队,对局复盘,复盘讲得挺具体，知道下一把该改什么了,回复质量,5,1186,0,0
F200506,U100238,2026-09-09,休闲玩家,连败,攻略问答,它记得我上一把玩的是什么，接得上话,回复质量,5,256,1,0
F200193,U100293,2026-09-09,回归玩家,开黑组队,攻略问答,回复挺快，局间那点时间也够用,响应速度,5,1010,0,0
F200126,U100872,2026-09-09,竞技玩家,卡关,攻略问答,回复太长了，打游戏的时候根本看不完,回复长度,2,521,0,0
F200330,U100009,2026-09-09,竞技玩家,连败,对局复盘,希望能直接导入战绩截图，现在只能手动打字,功能缺失,1,320,0,0
F200030,U100088,2026-09-09,休闲玩家,上分冲分,对局复盘,一句吐槽回得很快，长一点的复盘就要等,响应速度,3,426,1,0
F200481,U100277,2026-09-09,竞技玩家,卡关,对局复盘,上下文记得住，不用每次都从头说,功能缺失,5,700,0,0
F200268,U100056,2026-09-09,休闲玩家,攻略查询,对局复盘,回复不长不短，正好是打游戏间隙能看完的量,回复长度,5,113,0,0
F200269,U100195,2026-09-09,回归玩家,攻略查询,情绪陪伴,速度可以，不打断我和朋友语音,响应速度,5,315,1,0
F200178,U100737,2026-09-09,休闲玩家,日常闲聊,情绪陪伴,只回了两三句，很贴心,回复长度,4,464,0,0
F200167,U100686,2026-09-09,竞技玩家,上分冲分,攻略问答,不支持多设备同步，手机上聊的电脑上看不到,功能缺失,2,140,1,0
F200301,U100341,2026-09-09,休闲玩家,攻略查询,对局复盘,用了两周没掉过线，聊天记录都在,稳定性,5,349,1,0
F200302,U100252,2026-09-09,新手玩家,上分冲分,情绪陪伴,用了两周没掉过线，聊天记录都在,稳定性,5,418,0,0
F200279,U100023,2026-09-09,回归玩家,卡关,对局复盘,连跪的时候它没有讲大道理，先顺着我说了两句，舒服多了,回复质量,5,322,1,0
F200355,U100441,2026-09-09,休闲玩家,日常闲聊,对局复盘,它记得我上一把玩的是什么，接得上话,回复质量,4,301,1,0
F200500,U100744,2026-09-09,竞技玩家,开黑组队,情绪陪伴,说了一堆正确的废话，没有一句是我当时想听的,回复质量,2,785,0,0
F200357,U100477,2026-09-09,回归玩家,上分冲分,情绪陪伴,速度可以，不打断我和朋友语音,响应速度,5,426,0,0
F200007,U100527,2026-09-09,竞技玩家,连败,攻略问答,高峰期等了一分多钟才出回复,响应速度,1,738,0,0
F200278,U100821,2026-09-09,新手玩家,日常闲聊,对局复盘,用了两周没掉过线，聊天记录都在,稳定性,5,695,1,0
F200337,U100322,2026-09-09,竞技玩家,日常闲聊,人格切换,希望能直接导入战绩截图，现在只能手动打字,功能缺失,2,255,0,0
F200403,U100431,2026-09-09,竞技玩家,卡关,攻略问答,一句吐槽回得很快，长一点的复盘就要等,响应速度,3,299,0,0
F200129,U100842,2026-09-09,竞技玩家,卡关,对局复盘,同一个问题问两次，说话方式差别很大,回复质量,2,209,0,0
F200274,U100715,2026-09-09,竞技玩家,上分冲分,对局复盘,用了两周没掉过线，聊天记录都在,稳定性,5,373,0,0
F200497,U100284,2026-09-09,休闲玩家,连败,情绪陪伴,速度可以，不打断我和朋友语音,响应速度,4,346,1,0
F200175,U100217,2026-09-10,休闲玩家,日常闲聊,情绪陪伴,选损友模式吐槽得刚好，不难受也不敷衍,回复质量,5,445,1,0
F200524,U100644,2026-09-10,休闲玩家,开黑组队,情绪陪伴,人格切换很好玩，换一个像换了个搭子,功能缺失,5,1166,0,1
F200154,U100435,2026-09-10,回归玩家,攻略查询,上下文记忆,回复挺快，局间那点时间也够用,响应速度,4,288,0,0
F200554,U100044,2026-09-10,新手玩家,开黑组队,情绪陪伴,上下文记得住，不用每次都从头说,功能缺失,4,847,1,0
F200449,U100385,2026-09-10,休闲玩家,连败,上下文记忆,速度一般，打团的时候不太方便等,响应速度,3,513,1,0
F200021,U100186,2026-09-10,新手玩家,卡关,上下文记忆,回复挺快，局间那点时间也够用,响应速度,5,438,1,0
F200552,U100692,2026-09-10,竞技玩家,攻略查询,上下文记忆,回复挺快，局间那点时间也够用,响应速度,5,150,0,1
F200300,U100608,2026-09-10,回归玩家,开黑组队,对局复盘,不知道在哪儿切换游戏，找了很久,交互体验,2,683,0,0
F200525,U100768,2026-09-10,竞技玩家,日常闲聊,人格切换,选损友模式吐槽得刚好，不难受也不敷衍,回复质量,5,282,1,1
F200253,U100729,2026-09-10,休闲玩家,日常闲聊,情绪陪伴,上下文记得住，不用每次都从头说,功能缺失,5,875,0,0
F200338,U100601,2026-09-10,休闲玩家,日常闲聊,情绪陪伴,选损友模式吐槽得刚好，不难受也不敷衍,回复质量,5,549,1,0
F200501,U100347,2026-09-10,回归玩家,连败,情绪陪伴,同一个问题问两次，说话方式差别很大,回复质量,1,622,0,0
F200257,U100433,2026-09-10,竞技玩家,上分冲分,上下文记忆,人格切换很好玩，换一个像换了个搭子,功能缺失,5,386,0,0
F200616,U100819,2026-09-10,回归玩家,上分冲分,情绪陪伴,回复不长不短，正好是打游戏间隙能看完的量,回复长度,5,266,1,0
F200358,U100112,2026-09-10,竞技玩家,连败,情绪陪伴,速度可以，不打断我和朋友语音,响应速度,5,546,0,0
F200495,U100831,2026-09-10,休闲玩家,连败,对局复盘,用了两周没掉过线，聊天记录都在,稳定性,5,570,1,1
F200365,U100454,2026-09-10,休闲玩家,卡关,情绪陪伴,用了两周没掉过线，聊天记录都在,稳定性,5,679,1,0
F200333,U100843,2026-09-10,竞技玩家,卡关,对局复盘,人格切换很好玩，换一个像换了个搭子,功能缺失,5,555,0,0
F200119,U100303,2026-09-10,新手玩家,攻略查询,攻略问答,第一次使用不知道该输入什么，愣了半天,交互体验,2,289,0,0
F200601,U100811,2026-09-10,休闲玩家,上分冲分,对局复盘,它记得我上一把玩的是什么，接得上话,回复质量,4,359,0,0
F200635,U100691,2026-09-10,竞技玩家,攻略查询,情绪陪伴,速度可以，不打断我和朋友语音,响应速度,5,169,1,0
F200141,U100109,2026-09-11,竞技玩家,卡关,对局复盘,说了一堆正确的废话，没有一句是我当时想听的,回复质量,2,382,0,0
F200593,U100249,2026-09-11,竞技玩家,连败,对局复盘,第一次打开就有示例，不用想说什么,交互体验,5,394,1,0
F200386,U100770,2026-09-11,竞技玩家,攻略查询,情绪陪伴,只回了两三句，很贴心,回复长度,4,205,0,0
F200047,U100036,2026-09-11,新手玩家,上分冲分,情绪陪伴,速度可以，不打断我和朋友语音,响应速度,4,342,0,1
F200419,U100664,2026-09-11,新手玩家,连败,上下文记忆,用了两周没掉过线，聊天记录都在,稳定性,4,482,0,1
F200246,U100136,2026-09-11,竞技玩家,攻略查询,情绪陪伴,它记得我上一把玩的是什么，接得上话,回复质量,5,161,1,1
F200234,U100482,2026-09-11,回归玩家,上分冲分,情绪陪伴,内容不错，但要我先解释半天背景,回复质量,3,187,0,0
F200456,U100588,2026-09-11,休闲玩家,上分冲分,情绪陪伴,回复经常没有理解我的意思，答非所问,回复质量,1,438,0,0
F200075,U100230,2026-09-11,休闲玩家,上分冲分,人格切换,选损友模式吐槽得刚好，不难受也不敷衍,回复质量,5,448,1,0
F200092,U100673,2026-09-11,回归玩家,卡关,人格切换,只回了两三句，很贴心,回复长度,5,507,0,0
F200637,U100861,2026-09-11,休闲玩家,日常闲聊,上下文记忆,它记得我上一把玩的是什么，接得上话,回复质量,5,697,0,0
F200097,U100379,2026-09-11,回归玩家,日常闲聊,情绪陪伴,每次都一大段，重点还得我自己找,回复长度,1,683,0,0
F200059,U100839,2026-09-11,新手玩家,上分冲分,攻略问答,它记得我上一把玩的是什么，接得上话,回复质量,4,410,0,0
F200438,U100263,2026-09-11,新手玩家,攻略查询,对局复盘,上下文记得住，不用每次都从头说,功能缺失,5,241,1,0
F200586,U100320,2026-09-11,新手玩家,开黑组队,情绪陪伴,我只要一句安慰，它给我列了五条建议,回复长度,2,470,1,0
F200406,U100691,2026-09-11,竞技玩家,攻略查询,情绪陪伴,选损友模式吐槽得刚好，不难受也不敷衍,回复质量,5,319,0,0
F200587,U100318,2026-09-11,新手玩家,上分冲分,对局复盘,上下文记得住，不用每次都从头说,功能缺失,5,420,0,0
F200533,U100806,2026-09-11,竞技玩家,连败,攻略问答,聊到一半断了，之前的上下文也没了,稳定性,2,369,0,0
F200320,U100470,2026-09-12,回归玩家,日常闲聊,情绪陪伴,同一个问题问两次，说话方式差别很大,回复质量,2,352,0,0
F200566,U100627,2026-09-12,竞技玩家,开黑组队,攻略问答,它记得我上一把玩的是什么，接得上话,回复质量,5,598,1,0
F200441,U100171,2026-09-12,新手玩家,连败,对局复盘,第一次使用不知道该输入什么，愣了半天,交互体验,2,555,1,0
F200262,U100861,2026-09-12,休闲玩家,连败,对局复盘,上下文记得住，不用每次都从头说,功能缺失,5,460,0,0
F200150,U100868,2026-09-12,竞技玩家,连败,情绪陪伴,选损友模式吐槽得刚好，不难受也不敷衍,回复质量,5,752,0,0
F200105,U100758,2026-09-12,休闲玩家,卡关,情绪陪伴,速度可以，不打断我和朋友语音,响应速度,5,198,0,0
F200551,U100194,2026-09-12,竞技玩家,上分冲分,上下文记忆,用了两周没掉过线，聊天记录都在,稳定性,5,310,1,0
F200250,U100734,2026-09-12,回归玩家,日常闲聊,人格切换,回复不长不短，正好是打游戏间隙能看完的量,回复长度,4,728,1,0
F200512,U100813,2026-09-12,竞技玩家,卡关,人格切换,上下文记得住，不用每次都从头说,功能缺失,4,674,1,0
F200617,U100013,2026-09-12,休闲玩家,攻略查询,情绪陪伴,用了两周没掉过线，聊天记录都在,稳定性,5,173,1,0
F200615,U100848,2026-09-12,竞技玩家,日常闲聊,攻略问答,上下文记得住，不用每次都从头说,功能缺失,5,479,1,0
F200010,U100396,2026-09-12,新手玩家,上分冲分,攻略问答,复盘讲得挺具体，知道下一把该改什么了,回复质量,5,276,1,0
F200127,U100400,2026-09-12,竞技玩家,卡关,上下文记忆,说了一堆正确的废话，没有一句是我当时想听的,回复质量,2,486,0,0
F200555,U100480,2026-09-12,回归玩家,开黑组队,情绪陪伴,页面挺清爽，选完人格直接开聊,交互体验,5,964,0,0
F200396,U100010,2026-09-12,回归玩家,上分冲分,攻略问答,内容不错，但要我先解释半天背景,回复质量,3,337,0,0
F200394,U100697,2026-09-12,新手玩家,卡关,情绪陪伴,选损友模式吐槽得刚好，不难受也不敷衍,回复质量,5,238,0,0
F200255,U100780,2026-09-12,新手玩家,开黑组队,情绪陪伴,速度一般，打团的时候不太方便等,响应速度,3,858,0,0
F200091,U100638,2026-09-13,休闲玩家,卡关,人格切换,它记得我上一把玩的是什么，接得上话,回复质量,5,424,0,0
F200155,U100730,2026-09-13,新手玩家,攻略查询,攻略问答,用了两周没掉过线，聊天记录都在,稳定性,5,161,1,0
F200629,U100026,2026-09-13,新手玩家,卡关,对局复盘,用了两周没掉过线，聊天记录都在,稳定性,5,195,1,0
F200485,U100115,2026-09-13,新手玩家,连败,情绪陪伴,上下文记得住，不用每次都从头说,功能缺失,5,873,0,0
F200628,U100578,2026-09-13,回归玩家,日常闲聊,对局复盘,人格切换很好玩，换一个像换了个搭子,功能缺失,5,280,1,0
F200210,U100313,2026-09-13,新手玩家,连败,人格切换,第一次打开就有示例，不用想说什么,交互体验,5,250,0,0
F200479,U100597,2026-09-13,休闲玩家,攻略查询,情绪陪伴,看不懂四个人格的区别，随便选了一个,交互体验,1,127,1,0
F200400,U100711,2026-09-13,休闲玩家,连败,情绪陪伴,回复不长不短，正好是打游戏间隙能看完的量,回复长度,5,895,1,0
F200112,U100322,2026-09-13,竞技玩家,日常闲聊,攻略问答,用了两周没掉过线，聊天记录都在,稳定性,4,835,1,0
F200414,U100378,2026-09-13,竞技玩家,卡关,对局复盘,希望能直接导入战绩截图，现在只能手动打字,功能缺失,1,574,0,1
F200169,U100435,2026-09-13,回归玩家,攻略查询,攻略问答,用了两周没掉过线，聊天记录都在,稳定性,4,117,1,0
F200058,U100355,2026-09-13,回归玩家,连败,情绪陪伴,人格切换很好玩，换一个像换了个搭子,功能缺失,5,844,0,0
F200254,U100888,2026-09-13,竞技玩家,开黑组队,上下文记忆,复盘讲得挺具体，知道下一把该改什么了,回复质量,5,655,0,1
F200331,U100157,2026-09-13,休闲玩家,卡关,攻略问答,上下文记得住，不用每次都从头说,功能缺失,5,628,1,0
F200133,U100648,2026-09-13,新手玩家,连败,对局复盘,它记得我上一把玩的是什么，接得上话,回复质量,4,591,0,0
F200437,U100368,2026-09-13,休闲玩家,开黑组队,对局复盘,只回了两三句，很贴心,回复长度,5,898,0,1
F200168,U100624,2026-09-13,休闲玩家,上分冲分,攻略问答,打完一把想马上吐槽，结果卡在那儿不动,响应速度,1,192,0,0
F200471,U100549,2026-09-14,竞技玩家,开黑组队,对局复盘,它记得我上一把玩的是什么，接得上话,回复质量,5,495,0,0
F200132,U100682,2026-09-14,回归玩家,上分冲分,上下文记忆,只回了两三句，很贴心,回复长度,4,223,0,0
F200288,U100064,2026-09-14,竞技玩家,上分冲分,上下文记忆,速度可以，不打断我和朋友语音,响应速度,5,192,1,0
F200543,U100104,2026-09-14,竞技玩家,攻略查询,情绪陪伴,页面挺清爽，选完人格直接开聊,交互体验,5,272,1,0
F200464,U100610,2026-09-14,休闲玩家,开黑组队,攻略问答,希望能一键组队，现在只能自己找人,功能缺失,2,620,0,0
F200606,U100665,2026-09-14,竞技玩家,连败,情绪陪伴,回复不长不短，正好是打游戏间隙能看完的量,回复长度,5,632,0,0
F200033,U100833,2026-09-14,休闲玩家,攻略查询,对局复盘,回复挺快，局间那点时间也够用,响应速度,5,107,0,0
F200385,U100573,2026-09-14,回归玩家,上分冲分,上下文记忆,上下文记得住，不用每次都从头说,功能缺失,4,211,0,1
F200194,U100328,2026-09-14,休闲玩家,开黑组队,对局复盘,连跪的时候它没有讲大道理，先顺着我说了两句，舒服多了,回复质量,5,726,1,1
F200186,U100739,2026-09-14,回归玩家,卡关,对局复盘,希望能直接导入战绩截图，现在只能手动打字,功能缺失,1,368,0,0
F200417,U100828,2026-09-14,新手玩家,攻略查询,对局复盘,选损友模式吐槽得刚好，不难受也不敷衍,回复质量,5,134,0,0
F200198,U100593,2026-09-14,回归玩家,日常闲聊,情绪陪伴,回复挺快，局间那点时间也够用,响应速度,4,211,0,0
F200630,U100042,2026-09-14,新手玩家,开黑组队,情绪陪伴,希望能自动读我的战绩，不用每次自己说,功能缺失,3,890,0,0
F200428,U100694,2026-09-14,休闲玩家,上分冲分,情绪陪伴,我就想吐槽一句，它给我写了八百字,回复长度,1,326,0,0
F200199,U100276,2026-09-14,回归玩家,连败,上下文记忆,希望能一键组队，现在只能自己找人,功能缺失,2,507,0,0
F200298,U100767,2026-09-14,回归玩家,日常闲聊,对局复盘,只回了两三句，很贴心,回复长度,5,697,0,0
F200434,U100237,2026-09-14,竞技玩家,连败,攻略问答,高峰期等了一分多钟才出回复,响应速度,2,568,1,0
F200281,U100614,2026-09-14,新手玩家,攻略查询,情绪陪伴,复盘讲得挺具体，知道下一把该改什么了,回复质量,4,113,0,0
F200352,U100534,2026-09-15,竞技玩家,攻略查询,攻略问答,高峰期等了一分多钟才出回复,响应速度,2,302,0,0
F200009,U100553,2026-09-15,休闲玩家,攻略查询,对局复盘,高峰期等了一分多钟才出回复,响应速度,2,251,0,0
F200214,U100640,2026-09-15,竞技玩家,攻略查询,情绪陪伴,我就想吐槽一句，它给我写了八百字,回复长度,2,264,0,0
F200325,U100397,2026-09-15,竞技玩家,开黑组队,上下文记忆,连跪的时候它没有讲大道理，先顺着我说了两句，舒服多了,回复质量,4,1103,1,1
F200139,U100753,2026-09-15,休闲玩家,开黑组队,上下文记忆,复盘讲得挺具体，知道下一把该改什么了,回复质量,5,325,0,0
F200023,U100183,2026-09-15,竞技玩家,连败,情绪陪伴,复盘讲得挺具体，知道下一把该改什么了,回复质量,5,807,1,0
F200346,U100789,2026-09-15,休闲玩家,上分冲分,攻略问答,上下文记得住，不用每次都从头说,功能缺失,5,296,1,0
F200344,U100454,2026-09-15,休闲玩家,卡关,攻略问答,用了两周没掉过线，聊天记录都在,稳定性,4,530,0,0
F200608,U100858,2026-09-15,休闲玩家,攻略查询,攻略问答,回复不长不短，正好是打游戏间隙能看完的量,回复长度,4,336,0,0
F200072,U100390,2026-09-15,新手玩家,卡关,攻略问答,没有语音输入，开黑的时候根本腾不出手,功能缺失,2,260,0,0
F200392,U100679,2026-09-15,休闲玩家,上分冲分,情绪陪伴,回复不长不短，正好是打游戏间隙能看完的量,回复长度,4,154,0,0
F200034,U100808,2026-09-15,休闲玩家,卡关,情绪陪伴,第一次打开就有示例，不用想说什么,交互体验,5,281,0,0
F200620,U100094,2026-09-15,新手玩家,上分冲分,情绪陪伴,回复不长不短，正好是打游戏间隙能看完的量,回复长度,4,339,0,0
F200398,U100464,2026-09-15,休闲玩家,攻略查询,上下文记忆,回复太长了，打游戏的时候根本看不完,回复长度,2,295,0,0
F200003,U100565,2026-09-15,竞技玩家,日常闲聊,攻略问答,人格切换很好玩，换一个像换了个搭子,功能缺失,5,483,1,0
F200067,U100793,2026-09-15,回归玩家,连败,情绪陪伴,希望能直接导入战绩截图，现在只能手动打字,功能缺失,2,466,0,0
F200166,U100294,2026-09-15,休闲玩家,上分冲分,情绪陪伴,用了两周没掉过线，聊天记录都在,稳定性,4,208,1,0
F200470,U100055,2026-09-15,竞技玩家,卡关,上下文记忆,回复不长不短，正好是打游戏间隙能看完的量,回复长度,5,289,1,1
F200164,U100285,2026-09-15,休闲玩家,卡关,攻略问答,希望能先给一句结论，再展开,回复长度,3,471,0,0
F200621,U100792,2026-09-15,休闲玩家,攻略查询,攻略问答,人格切换很好玩，换一个像换了个搭子,功能缺失,4,181,1,0
F200004,U100066,2026-09-16,休闲玩家,连败,情绪陪伴,说了一堆正确的废话，没有一句是我当时想听的,回复质量,2,551,0,0
F200314,U100379,2026-09-16,回归玩家,日常闲聊,攻略问答,页面挺清爽，选完人格直接开聊,交互体验,5,576,0,0
F200309,U100557,2026-09-16,竞技玩家,上分冲分,情绪陪伴,它记得我上一把玩的是什么，接得上话,回复质量,5,451,0,0
F200103,U100183,2026-09-16,竞技玩家,连败,上下文记忆,用了两周没掉过线，聊天记录都在,稳定性,5,442,1,0
F200633,U100093,2026-09-16,竞技玩家,攻略查询,攻略问答,回复不长不短，正好是打游戏间隙能看完的量,回复长度,5,296,0,0
F200284,U100482,2026-09-16,回归玩家,上分冲分,对局复盘,页面挺清爽，选完人格直接开聊,交互体验,5,295,1,0
F200080,U100315,2026-09-16,休闲玩家,攻略查询,攻略问答,选损友模式吐槽得刚好，不难受也不敷衍,回复质量,5,247,1,0
F200086,U100433,2026-09-16,竞技玩家,上分冲分,人格切换,人格切换很好玩，换一个像换了个搭子,功能缺失,4,250,1,0
F200478,U100190,2026-09-16,竞技玩家,开黑组队,情绪陪伴,希望能直接导入战绩截图，现在只能手动打字,功能缺失,2,921,0,0
F200446,U100750,2026-09-16,回归玩家,日常闲聊,情绪陪伴,我都说了烦死了，它还在教我调整心态,回复质量,1,214,0,0
F200073,U100595,2026-09-16,新手玩家,上分冲分,情绪陪伴,页面挺清爽，选完人格直接开聊,交互体验,5,424,0,0
F200069,U100185,2026-09-16,休闲玩家,连败,情绪陪伴,人格切换很好玩，换一个像换了个搭子,功能缺失,5,452,0,0
F200120,U100777,2026-09-16,休闲玩家,连败,对局复盘,速度可以，不打断我和朋友语音,响应速度,4,772,0,0
F200054,U100434,2026-09-16,竞技玩家,开黑组队,对局复盘,上下文记得住，不用每次都从头说,功能缺失,5,1069,0,0
F200502,U100654,2026-09-16,休闲玩家,攻略查询,攻略问答,人格切换很好玩，换一个像换了个搭子,功能缺失,5,253,0,0
F200474,U100173,2026-09-16,竞技玩家,开黑组队,攻略问答,上下文记得住，不用每次都从头说,功能缺失,5,905,0,0
F200051,U100152,2026-09-16,休闲玩家,日常闲聊,对局复盘,生成到一半停住了，还要重新问一次,响应速度,2,205,0,0
F200560,U100700,2026-09-17,休闲玩家,卡关,情绪陪伴,用了两周没掉过线，聊天记录都在,稳定性,4,504,1,0
F200055,U100394,2026-09-17,回归玩家,开黑组队,情绪陪伴,复盘讲得挺具体，知道下一把该改什么了,回复质量,5,940,0,0
F200535,U100468,2026-09-17,竞技玩家,日常闲聊,情绪陪伴,复盘讲得挺具体，知道下一把该改什么了,回复质量,5,357,1,0
F200076,U100114,2026-09-17,休闲玩家,卡关,攻略问答,上下文记得住，不用每次都从头说,功能缺失,5,335,0,0
F200623,U100029,2026-09-17,休闲玩家,连败,攻略问答,速度可以，不打断我和朋友语音,响应速度,4,384,0,0
F200609,U100847,2026-09-17,新手玩家,连败,人格切换,第一次打开就有示例，不用想说什么,交互体验,4,620,0,0
F200589,U100505,2026-09-17,竞技玩家,开黑组队,对局复盘,速度可以，不打断我和朋友语音,响应速度,5,1153,1,0
F200060,U100849,2026-09-17,新手玩家,上分冲分,情绪陪伴,不支持多设备同步，手机上聊的电脑上看不到,功能缺失,2,204,0,0
F200286,U100188,2026-09-17,休闲玩家,上分冲分,对局复盘,回复挺快，局间那点时间也够用,响应速度,5,461,1,0
F200265,U100605,2026-09-17,新手玩家,攻略查询,攻略问答,回复不长不短，正好是打游戏间隙能看完的量,回复长度,5,111,1,0
F200326,U100288,2026-09-17,回归玩家,上分冲分,人格切换,复盘讲得挺具体，知道下一把该改什么了,回复质量,5,206,0,0
F200179,U100450,2026-09-17,回归玩家,卡关,情绪陪伴,速度可以，不打断我和朋友语音,响应速度,5,514,0,0
F200165,U100224,2026-09-17,竞技玩家,开黑组队,对局复盘,内容不错，但要我先解释半天背景,回复质量,3,504,0,0
F200364,U100110,2026-09-17,竞技玩家,卡关,人格切换,用了两周没掉过线，聊天记录都在,稳定性,5,227,1,0
F200459,U100028,2026-09-17,休闲玩家,上分冲分,人格切换,连跪的时候它没有讲大道理，先顺着我说了两句，舒服多了,回复质量,4,247,1,1
F200282,U100366,2026-09-17,休闲玩家,攻略查询,对局复盘,人格切换很好玩，换一个像换了个搭子,功能缺失,5,229,1,0
F200290,U100121,2026-09-17,竞技玩家,日常闲聊,上下文记忆,只回了两三句，很贴心,回复长度,4,280,0,0
F200399,U100600,2026-09-17,回归玩家,日常闲聊,情绪陪伴,不支持多设备同步，手机上聊的电脑上看不到,功能缺失,2,645,0,0
F200258,U100121,2026-09-17,竞技玩家,日常闲聊,对局复盘,选损友模式吐槽得刚好，不难受也不敷衍,回复质量,5,557,1,0
F200498,U100542,2026-09-17,休闲玩家,连败,攻略问答,人格切换很好玩，换一个像换了个搭子,功能缺失,5,482,0,0
F200248,U100889,2026-09-17,休闲玩家,上分冲分,情绪陪伴,选损友模式吐槽得刚好，不难受也不敷衍,回复质量,5,416,0,1
F200061,U100460,2026-09-18,休闲玩家,卡关,对局复盘,手机上排版可以再宽松一点,交互体验,3,235,1,0
F200463,U100129,2026-09-18,竞技玩家,攻略查询,上下文记忆,选损友模式吐槽得刚好，不难受也不敷衍,回复质量,5,188,0,0
F200142,U100552,2026-09-18,休闲玩家,上分冲分,人格切换,只回了两三句，很贴心,回复长度,5,370,0,0
F200412,U100783,2026-09-18,新手玩家,连败,情绪陪伴,用了两周没掉过线，聊天记录都在,稳定性,4,669,0,0
F200285,U100329,2026-09-18,竞技玩家,攻略查询,对局复盘,用了两周没掉过线，聊天记录都在,稳定性,4,154,0,0
F200421,U100278,2026-09-18,新手玩家,攻略查询,攻略问答,上下文记得住，不用每次都从头说,功能缺失,5,172,1,0
F200220,U100291,2026-09-18,新手玩家,攻略查询,人格切换,上下文记得住，不用每次都从头说,功能缺失,5,183,1,0
F200163,U100325,2026-09-18,回归玩家,卡关,对局复盘,第一次打开就有示例，不用想说什么,交互体验,5,550,1,0
F200002,U100523,2026-09-18,新手玩家,上分冲分,情绪陪伴,人格切换很好玩，换一个像换了个搭子,功能缺失,5,216,0,0
F200311,U100590,2026-09-18,竞技玩家,连败,上下文记忆,回复挺快，局间那点时间也够用,响应速度,5,494,0,0
F200276,U100046,2026-09-18,休闲玩家,连败,上下文记忆,人格切换很好玩，换一个像换了个搭子,功能缺失,5,373,0,0
F200452,U100483,2026-09-18,竞技玩家,连败,情绪陪伴,连跪的时候它没有讲大道理，先顺着我说了两句，舒服多了,回复质量,4,316,0,0
F200202,U100262,2026-09-18,休闲玩家,日常闲聊,对局复盘,偶尔会转圈，刷新一下就好了,稳定性,3,205,0,0
F200418,U100199,2026-09-18,竞技玩家,连败,情绪陪伴,用了两周没掉过线，聊天记录都在,稳定性,5,666,0,0
F200599,U100565,2026-09-18,竞技玩家,日常闲聊,上下文记忆,回复不长不短，正好是打游戏间隙能看完的量,回复长度,5,366,1,0
F200529,U100046,2026-09-18,休闲玩家,攻略查询,人格切换,用了两周没掉过线，聊天记录都在,稳定性,5,353,1,0
F200583,U100282,2026-09-18,休闲玩家,开黑组队,攻略问答,页面挺清爽，选完人格直接开聊,交互体验,5,313,1,0
F200101,U100404,2026-09-18,休闲玩家,连败,情绪陪伴,人格切换很好玩，换一个像换了个搭子,功能缺失,5,610,0,0
F200321,U100018,2026-09-18,新手玩家,攻略查询,对局复盘,选损友模式吐槽得刚好，不难受也不敷衍,回复质量,5,108,1,0
F200100,U100530,2026-09-18,竞技玩家,连败,对局复盘,人格切换很好玩，换一个像换了个搭子,功能缺失,5,420,1,0
F200488,U100856,2026-09-18,回归玩家,卡关,对局复盘,希望能一键组队，现在只能自己找人,功能缺失,1,560,1,0
F200117,U100184,2026-09-19,竞技玩家,上分冲分,对局复盘,回复不长不短，正好是打游戏间隙能看完的量,回复长度,4,394,1,0
F200387,U100486,2026-09-19,回归玩家,攻略查询,对局复盘,不支持多设备同步，手机上聊的电脑上看不到,功能缺失,2,93,0,0
F200577,U100629,2026-09-19,竞技玩家,上分冲分,人格切换,打完一把想马上吐槽，结果卡在那儿不动,响应速度,2,348,0,0
F200350,U100614,2026-09-19,新手玩家,攻略查询,攻略问答,用了两周没掉过线，聊天记录都在,稳定性,4,276,1,0
F200196,U100641,2026-09-19,休闲玩家,卡关,对局复盘,速度一般，打团的时候不太方便等,响应速度,3,409,1,1
F200568,U100349,2026-09-19,竞技玩家,开黑组队,人格切换,复盘讲得挺具体，知道下一把该改什么了,回复质量,5,664,0,0
F200226,U100381,2026-09-19,休闲玩家,开黑组队,对局复盘,用了两周没掉过线，聊天记录都在,稳定性,5,739,1,0
F200225,U100280,2026-09-19,回归玩家,连败,情绪陪伴,它记得我上一把玩的是什么，接得上话,回复质量,4,512,1,0
F200591,U100832,2026-09-19,竞技玩家,开黑组队,人格切换,复盘讲得挺具体，知道下一把该改什么了,回复质量,5,941,0,1
F200544,U100248,2026-09-19,休闲玩家,日常闲聊,对局复盘,第一次使用不知道该输入什么，愣了半天,交互体验,2,387,0,0
F200162,U100432,2026-09-19,回归玩家,攻略查询,对局复盘,希望能一键组队，现在只能自己找人,功能缺失,2,311,0,0
F200550,U100782,2026-09-19,回归玩家,上分冲分,上下文记忆,连跪的时候它没有讲大道理，先顺着我说了两句，舒服多了,回复质量,5,159,1,0
F200368,U100827,2026-09-19,竞技玩家,上分冲分,上下文记忆,它记得我上一把玩的是什么，接得上话,回复质量,5,270,1,0
F200504,U100702,2026-09-19,新手玩家,攻略查询,情绪陪伴,页面挺清爽，选完人格直接开聊,交互体验,5,101,0,1
F200494,U100136,2026-09-19,竞技玩家,攻略查询,情绪陪伴,第一次使用不知道该输入什么，愣了半天,交互体验,2,160,0,1
F200016,U100421,2026-09-19,竞技玩家,上分冲分,对局复盘,上下文记得住，不用每次都从头说,功能缺失,5,309,0,0
F200349,U100379,2026-09-19,回归玩家,日常闲聊,对局复盘,只回了两三句，很贴心,回复长度,4,332,1,0
F200027,U100023,2026-09-20,回归玩家,攻略查询,攻略问答,希望能一键组队，现在只能自己找人,功能缺失,1,140,0,0
F200024,U100062,2026-09-20,竞技玩家,开黑组队,攻略问答,复盘讲得挺具体，知道下一把该改什么了,回复质量,5,946,0,0
F200521,U100810,2026-09-20,回归玩家,攻略查询,攻略问答,生成到一半停住了，还要重新问一次,响应速度,2,149,1,0
F200383,U100890,2026-09-20,休闲玩家,上分冲分,人格切换,用了两周没掉过线，聊天记录都在,稳定性,5,401,0,1
F200015,U100117,2026-09-20,新手玩家,开黑组队,对局复盘,回复不长不短，正好是打游戏间隙能看完的量,回复长度,5,369,1,1
F200571,U100736,2026-09-20,休闲玩家,连败,人格切换,复盘讲得挺具体，知道下一把该改什么了,回复质量,4,741,0,0
F200213,U100031,2026-09-20,回归玩家,上分冲分,情绪陪伴,连跪的时候它没有讲大道理，先顺着我说了两句，舒服多了,回复质量,5,228,0,0
F200426,U100893,2026-09-20,竞技玩家,连败,上下文记忆,回复有点慢，等它加载完我下一把都开了,响应速度,2,677,1,1
F200149,U100391,2026-09-20,竞技玩家,连败,人格切换,上下文记得住，不用每次都从头说,功能缺失,4,446,0,0
F200146,U100686,2026-09-20,竞技玩家,开黑组队,情绪陪伴,第一次打开就有示例，不用想说什么,交互体验,4,1043,0,0
F200523,U100344,2026-09-20,休闲玩家,卡关,情绪陪伴,人格切换很好玩，换一个像换了个搭子,功能缺失,5,439,1,0
F200227,U100426,2026-09-20,新手玩家,卡关,情绪陪伴,只回了两三句，很贴心,回复长度,5,202,0,0
F200515,U100339,2026-09-20,新手玩家,卡关,对局复盘,人格切换很好玩，换一个像换了个搭子,功能缺失,4,215,0,0
F200546,U100437,2026-09-20,竞技玩家,连败,情绪陪伴,复盘讲得挺具体，知道下一把该改什么了,回复质量,5,688,1,0
F200575,U100238,2026-09-20,休闲玩家,连败,攻略问答,回复有点慢，等它加载完我下一把都开了,响应速度,2,882,0,0
F200484,U100785,2026-09-20,休闲玩家,上分冲分,上下文记忆,上下文记得住，不用每次都从头说,功能缺失,4,171,1,0
F200114,U100028,2026-09-20,休闲玩家,上分冲分,人格切换,回复有点慢，等它加载完我下一把都开了,响应速度,2,247,0,1
F200613,U100735,2026-09-20,竞技玩家,上分冲分,对局复盘,回复不长不短，正好是打游戏间隙能看完的量,回复长度,5,431,1,0
F200528,U100167,2026-09-20,新手玩家,连败,对局复盘,回复不长不短，正好是打游戏间隙能看完的量,回复长度,5,881,0,0
F200211,U100482,2026-09-21,回归玩家,上分冲分,人格切换,只回了两三句，很贴心,回复长度,5,304,0,0
F200259,U100148,2026-09-21,回归玩家,卡关,情绪陪伴,上下文记得住，不用每次都从头说,功能缺失,5,612,0,0
F200224,U100347,2026-09-21,回归玩家,日常闲聊,攻略问答,复盘讲得挺具体，知道下一把该改什么了,回复质量,5,838,1,0
F200208,U100199,2026-09-21,竞技玩家,连败,情绪陪伴,回复不长不短，正好是打游戏间隙能看完的量,回复长度,5,656,1,0
F200360,U100834,2026-09-21,休闲玩家,开黑组队,上下文记忆,生成到一半停住了，还要重新问一次,响应速度,2,548,0,0
F200223,U100319,2026-09-21,回归玩家,开黑组队,情绪陪伴,上下文记得住，不用每次都从头说,功能缺失,5,838,1,0
F200000,U100736,2026-09-21,休闲玩家,卡关,对局复盘,只回了两三句，很贴心,回复长度,4,205,1,0
F200187,U100834,2026-09-21,休闲玩家,开黑组队,对局复盘,选损友模式吐槽得刚好，不难受也不敷衍,回复质量,5,856,0,0
F200088,U100726,2026-09-21,休闲玩家,连败,情绪陪伴,第一次打开就有示例，不用想说什么,交互体验,5,707,1,0
F200526,U100797,2026-09-21,回归玩家,上分冲分,上下文记忆,上下文记得住，不用每次都从头说,功能缺失,4,146,0,0
F200099,U100461,2026-09-21,竞技玩家,上分冲分,情绪陪伴,页面挺清爽，选完人格直接开聊,交互体验,4,237,0,0
F200510,U100321,2026-09-21,休闲玩家,上分冲分,情绪陪伴,希望能直接导入战绩截图，现在只能手动打字,功能缺失,2,252,1,0
F200509,U100085,2026-09-21,新手玩家,开黑组队,上下文记忆,用了两周没掉过线，聊天记录都在,稳定性,4,613,0,0
F200074,U100389,2026-09-21,休闲玩家,日常闲聊,人格切换,打完一把想马上吐槽，结果卡在那儿不动,响应速度,2,633,0,0
F200113,U100342,2026-09-21,竞技玩家,开黑组队,上下文记忆,人格切换很好玩，换一个像换了个搭子,功能缺失,5,558,0,0
F200545,U100015,2026-09-21,回归玩家,卡关,情绪陪伴,用了两周没掉过线，聊天记录都在,稳定性,4,609,1,0
F200476,U100220,2026-09-21,新手玩家,卡关,情绪陪伴,页面挺清爽，选完人格直接开聊,交互体验,5,702,0,0
F200138,U100291,2026-09-21,新手玩家,攻略查询,情绪陪伴,上下文记得住，不用每次都从头说,功能缺失,5,132,0,0
F200553,U100075,2026-09-21,休闲玩家,开黑组队,对局复盘,第一次打开就有示例，不用想说什么,交互体验,4,680,0,0
F200295,U100842,2026-09-21,竞技玩家,卡关,攻略问答,同一个问题问两次，说话方式差别很大,回复质量,2,440,0,0
F200444,U100595,2026-09-21,新手玩家,卡关,情绪陪伴,复盘讲得挺具体，知道下一把该改什么了,回复质量,5,220,0,0
F200299,U100311,2026-09-21,竞技玩家,攻略查询,对局复盘,复盘讲得挺具体，知道下一把该改什么了,回复质量,4,348,1,0
F200574,U100625,2026-09-21,休闲玩家,上分冲分,情绪陪伴,我都说了烦死了，它还在教我调整心态,回复质量,2,334,0,0
F200266,U100768,2026-09-21,竞技玩家,日常闲聊,攻略问答,用了两周没掉过线，聊天记录都在,稳定性,5,389,0,1
F200313,U100368,2026-09-21,休闲玩家,开黑组队,攻略问答,回复不长不短，正好是打游戏间隙能看完的量,回复长度,4,912,0,1
F200264,U100701,2026-09-21,回归玩家,连败,攻略问答,它记得我上一把玩的是什么，接得上话,回复质量,4,470,0,1
F200195,U100123,2026-09-21,休闲玩家,开黑组队,对局复盘,打完一把想马上吐槽，结果卡在那儿不动,响应速度,2,835,0,0
F200050,U100057,2026-09-21,回归玩家,日常闲聊,攻略问答,用了两周没掉过线，聊天记录都在,稳定性,5,570,0,0
F200293,U100250,2026-09-22,新手玩家,上分冲分,情绪陪伴,生成到一半停住了，还要重新问一次,响应速度,2,292,0,0
F200520,U100858,2026-09-22,休闲玩家,攻略查询,上下文记忆,第一次使用不知道该输入什么，愣了半天,交互体验,2,332,0,0
F200361,U100299,2026-09-22,休闲玩家,卡关,对局复盘,只回了两三句，很贴心,回复长度,5,422,1,1
F200531,U100707,2026-09-22,回归玩家,开黑组队,情绪陪伴,用了两周没掉过线，聊天记录都在,稳定性,5,858,1,0
F200468,U100406,2026-09-22,竞技玩家,攻略查询,攻略问答,复盘讲得挺具体，知道下一把该改什么了,回复质量,5,314,0,0
F200559,U100514,2026-09-22,竞技玩家,上分冲分,情绪陪伴,我都说了烦死了，它还在教我调整心态,回复质量,1,406,0,0
F200156,U100000,2026-09-22,新手玩家,日常闲聊,人格切换,第一次使用不知道该输入什么，愣了半天,交互体验,2,893,0,0
F200442,U100590,2026-09-22,竞技玩家,上分冲分,情绪陪伴,有时候回复会稍微长一点，需要划两下,回复长度,3,223,0,0
F200433,U100368,2026-09-22,休闲玩家,开黑组队,情绪陪伴,有时候能接住我的情绪，有时候又变成讲道理,回复质量,3,870,0,1
F200173,U100568,2026-09-22,竞技玩家,连败,情绪陪伴,回复不长不短，正好是打游戏间隙能看完的量,回复长度,5,511,1,0
F200012,U100318,2026-09-22,新手玩家,上分冲分,人格切换,连跪的时候它没有讲大道理，先顺着我说了两句，舒服多了,回复质量,5,460,0,0
F200176,U100397,2026-09-22,竞技玩家,连败,情绪陪伴,速度可以，不打断我和朋友语音,响应速度,5,593,0,1
F200582,U100872,2026-09-22,竞技玩家,开黑组队,情绪陪伴,用了两周没掉过线，聊天记录都在,稳定性,5,729,0,0
F200411,U100163,2026-09-22,竞技玩家,开黑组队,对局复盘,连跪的时候它没有讲大道理，先顺着我说了两句，舒服多了,回复质量,4,931,1,0
F200181,U100277,2026-09-22,竞技玩家,日常闲聊,情绪陪伴,复盘讲得挺具体，知道下一把该改什么了,回复质量,5,527,0,0
F200407,U100452,2026-09-22,休闲玩家,卡关,对局复盘,复盘讲得挺具体，知道下一把该改什么了,回复质量,5,608,0,0
F200402,U100759,2026-09-22,回归玩家,卡关,人格切换,回复挺快，局间那点时间也够用,响应速度,5,414,0,0
F200201,U100819,2026-09-22,回归玩家,上分冲分,人格切换,页面挺清爽，选完人格直接开聊,交互体验,5,362,1,0
F200207,U100121,2026-09-22,竞技玩家,日常闲聊,人格切换,它记得我上一把玩的是什么，接得上话,回复质量,5,666,1,0
F200044,U100125,2026-09-22,回归玩家,连败,情绪陪伴,高峰期等了一分多钟才出回复,响应速度,2,593,0,0
F200580,U100102,2026-09-22,休闲玩家,开黑组队,攻略问答,人格切换很好玩，换一个像换了个搭子,功能缺失,5,610,1,0
