user_id,user_type,core_scene,channel,register_date,is_new_user
U100000,新手玩家,日常闲聊,应用商店,2026-06-29,0
U100001,回归玩家,开黑组队,内容平台,2026-05-26,0
U100002,竞技玩家,卡关,搜索引擎,2026-06-07,0
U100003,回归玩家,卡关,内容平台,2026-06-10,0
U100004,回归玩家,卡关,朋友推荐,2026-06-08,0
U100005,新手玩家,连败,朋友推荐,2026-08-12,0
U100006,竞技玩家,卡关,社交媒体,2026-07-15,0
U100007,回归玩家,连败,社交媒体,2026-07-06,0
U100008,休闲玩家,上分冲分,搜索引擎,2026-06-17,0
U100009,竞技玩家,连败,内容平台,2026-07-09,0
U100010,回归玩家,连败,社交媒体,2026-07-01,0
U100011,休闲玩家,卡关,社交媒体,2026-06-11,0
U100012,竞技玩家,连败,搜索引擎,2026-08-18,0
U100013,休闲玩家,攻略查询,社交媒体,2026-06-26,0
U100014,休闲玩家,攻略查询,朋友推荐,2026-06-28,0
U100015,回归玩家,卡关,内容平台,2026-07-28,0
U100016,竞技玩家,攻略查询,朋友推荐,2026-06-10,0
U100017,竞技玩家,连败,搜索引擎,2026-07-15,0
U100018,新手玩家,攻略查询,社交媒体,2026-08-29,0
U100019,新手玩家,连败,内容平台,2026-08-20,0
U100020,休闲玩家,卡关,应用商店,2026-06-30,0
U100021,回归玩家,上分冲分,社交媒体,2026-06-15,0
U100022,休闲玩家,连败,应用商店,2026-07-22,0
U100023,回归玩家,上分冲分,应用商店,2026-09-01,0
U100024,休闲玩家,攻略查询,应用商店,2026-07-26,0
U100025,竞技玩家,卡关,朋友推荐,2026-06-15,0
U100026,新手玩家,卡关,搜索引擎,2026-07-06,0
U100027,回归玩家,上分冲分,内容平台,2026-08-13,0
U100028,休闲玩家,上分冲分,社交媒体,2026-09-17,1
U100029,休闲玩家,连败,应用商店,2026-08-07,0
U100030,新手玩家,上分冲分,朋友推荐,2026-08-27,0
U100031,回归玩家,开黑组队,社交媒体,2026-08-02,0
U100032,竞技玩家,日常闲聊,应用商店,2026-06-15,0
U100033,新手玩家,攻略查询,内容平台,2026-09-15,1
U100034,新手玩家,开黑组队,内容平台,2026-07-13,0
U100035,竞技玩家,开黑组队,社交媒体,2026-06-18,0
U100036,新手玩家,上分冲分,内容平台,2026-09-18,1
U100037,竞技玩家,攻略查询,搜索引擎,2026-05-29,0
U100038,新手玩家,连败,应用商店,2026-07-07,0
U100039,休闲玩家,上分冲分,朋友推荐,2026-08-13,0
U100040,休闲玩家,开黑组队,应用商店,2026-09-20,1
U100041,回归玩家,连败,社交媒体,2026-05-26,0
U100042,新手玩家,开黑组队,应用商店,2026-06-10,0
U100043,休闲玩家,日常闲聊,应用商店,2026-06-17,0
U100044,新手玩家,开黑组队,社交媒体,2026-07-29,0
U100045,竞技玩家,攻略查询,应用商店,2026-06-24,0
U100046,休闲玩家,攻略查询,内容平台,2026-07-04,0
U100047,休闲玩家,攻略查询,内容平台,2026-09-14,1
U100048,休闲玩家,连败,应用商店,2026-07-22,0
U100049,休闲玩家,连败,朋友推荐,2026-06-02,0
U100050,竞技玩家,开黑组队,内容平台,2026-06-01,0
U100051,竞技玩家,攻略查询,搜索引擎,2026-09-02,0
U100052,回归玩家,上分冲分,朋友推荐,2026-09-18,1
U100053,休闲玩家,上分冲分,内容平台,2026-06-21,0
U100054,休闲玩家,开黑组队,应用商店,2026-07-29,0
U100055,竞技玩家,开黑组队,社交媒体,2026-09-13,1
U100056,休闲玩家,攻略查询,朋友推荐,2026-08-28,0
U100057,回归玩家,日常闲聊,社交媒体,2026-07-14,0
U100058,休闲玩家,日常闲聊,内容平台,2026-09-15,1
U100059,休闲玩家,开黑组队,应用商店,2026-06-16,0
U100060,回归玩家,日常闲聊,应用商店,2026-06-13,0
U100061,竞技玩家,开黑组队,搜索引擎,2026-08-07,0
U100062,竞技玩家,日常闲聊,社交媒体,2026-05-26,0
U100063,新手玩家,卡关,社交媒体,2026-06-12,0
U100064,竞技玩家,上分冲分,朋友推荐,2026-07-20,0
U100065,竞技玩家,攻略查询,社交媒体,2026-09-06,0
U100066,休闲玩家,开黑组队,内容平台,2026-08-30,0
U100067,回归玩家,开黑组队,应用商店,2026-05-30,0
U100068,回归玩家,连败,搜索引擎,2026-07-14,0
U100069,新手玩家,攻略查询,社交媒体,2026-06-09,0
U100070,竞技玩家,开黑组队,应用商店,2026-08-03,0
U100071,回归玩家,卡关,搜索引擎,2026-06-12,0
U100072,竞技玩家,日常闲聊,应用商店,2026-07-04,0
U100073,休闲玩家,日常闲聊,应用商店,2026-06-17,0
U100074,回归玩家,上分冲分,内容平台,2026-09-18,1
U100075,休闲玩家,开黑组队,应用商店,2026-07-22,0
U100076,新手玩家,卡关,搜索引擎,2026-08-23,0
U100077,新手玩家,连败,社交媒体,2026-08-22,0
U100078,休闲玩家,上分冲分,搜索引擎,2026-08-25,0
U100079,新手玩家,开黑组队,内容平台,2026-07-01,0
U100080,新手玩家,日常闲聊,社交媒体,2026-09-09,1
U100081,竞技玩家,日常闲聊,应用商店,2026-08-13,0
U100082,竞技玩家,日常闲聊,应用商店,2026-08-01,0
U100083,竞技玩家,攻略查询,搜索引擎,2026-07-12,0
U100084,新手玩家,卡关,社交媒体,2026-07-17,0
U100085,新手玩家,开黑组队,应用商店,2026-07-22,0
U100086,新手玩家,攻略查询,应用商店,2026-08-09,0
U100087,休闲玩家,上分冲分,应用商店,2026-06-02,0
U100088,休闲玩家,上分冲分,搜索引擎,2026-08-14,0
U100089,休闲玩家,连败,应用商店,2026-08-16,0
U100090,新手玩家,上分冲分,社交媒体,2026-06-08,0
U100091,竞技玩家,日常闲聊,社交媒体,2026-06-28,0
U100092,新手玩家,上分冲分,内容平台,2026-09-08,1
U100093,竞技玩家,攻略查询,内容平台,2026-08-26,0
U100094,新手玩家,上分冲分,搜索引擎,2026-07-08,0
U100095,竞技玩家,日常闲聊,朋友推荐,2026-09-21,1
U100096,竞技玩家,卡关,社交媒体,2026-07-28,0
U100097,新手玩家,连败,搜索引擎,2026-05-27,0
U100098,新手玩家,连败,应用商店,2026-06-17,0
U100099,竞技玩家,连败,社交媒体,2026-09-17,1
U100100,休闲玩家,上分冲分,应用商店,2026-06-09,0
U100101,竞技玩家,日常闲聊,社交媒体,2026-08-02,0
U100102,休闲玩家,连败,朋友推荐,2026-06-19,0
U100103,休闲玩家,卡关,应用商店,2026-07-24,0
U100104,竞技玩家,攻略查询,搜索引擎,2026-07-16,0
U100105,回归玩家,开黑组队,社交媒体,2026-07-16,0
U100106,回归玩家,上分冲分,内容平台,2026-06-15,0
U100107,新手玩家,上分冲分,应用商店,2026-09-07,0
U100108,新手玩家,攻略查询,搜索引擎,2026-08-11,0
U100109,竞技玩家,卡关,应用商店,2026-07-15,0
U100110,竞技玩家,卡关,应用商店,2026-05-29,0
U100111,竞技玩家,日常闲聊,内容平台,2026-08-30,0
U100112,竞技玩家,连败,朋友推荐,2026-07-10,0
U100113,新手玩家,连败,应用商店,2026-08-31,0
U100114,休闲玩家,卡关,社交媒体,2026-09-05,0
U100115,新手玩家,连败,内容平台,2026-05-30,0
U100116,竞技玩家,连败,朋友推荐,2026-08-29,0
U100117,新手玩家,开黑组队,社交媒体,2026-09-21,1
U100118,新手玩家,连败,应用商店,2026-07-04,0
U100119,休闲玩家,连败,朋友推荐,2026-07-07,0
U100120,竞技玩家,连败,内容平台,2026-05-28,0
U100121,竞技玩家,日常闲聊,搜索引擎,2026-09-05,0
U100122,竞技玩家,上分冲分,应用商店,2026-09-18,1
U100123,休闲玩家,开黑组队,内容平台,2026-08-24,0
U100124,回归玩家,攻略查询,社交媒体,2026-05-29,0
U100125,回归玩家,连败,搜索引擎,2026-09-07,0
U100126,休闲玩家,上分冲分,朋友推荐,2026-09-02,0
U100127,休闲玩家,日常闲聊,内容平台,2026-08-07,0
U100128,竞技玩家,卡关,搜索引擎,2026-08-20,0
U100129,竞技玩家,攻略查询,内容平台,2026-06-01,0
U100130,新手玩家,卡关,社交媒体,2026-08-27,0
U100131,休闲玩家,攻略查询,社交媒体,2026-08-30,0
U100132,休闲玩家,日常闲聊,社交媒体,2026-07-13,0
U100133,休闲玩家,连败,应用商店,2026-09-16,1
U100134,回归玩家,日常闲聊,应用商店,2026-09-14,1
U100135,休闲玩家,连败,内容平台,2026-06-17,0
U100136,竞技玩家,攻略查询,搜索引擎,2026-09-21,1
U100137,回归玩家,卡关,朋友推荐,2026-09-13,1
U100138,休闲玩家,卡关,社交媒体,2026-07-11,0
U100139,新手玩家,攻略查询,应用商店,2026-08-18,0
U100140,竞技玩家,攻略查询,应用商店,2026-06-20,0
U100141,新手玩家,攻略查询,内容平台,2026-06-14,0
U100142,竞技玩家,连败,搜索引擎,2026-08-23,0
U100143,竞技玩家,上分冲分,社交媒体,2026-08-23,0
U100144,休闲玩家,攻略查询,内容平台,2026-09-14,1
U100145,休闲玩家,日常闲聊,内容平台,2026-08-10,0
U100146,新手玩家,开黑组队,内容平台,2026-07-16,0
U100147,回归玩家,连败,搜索引擎,2026-08-18,0
U100148,回归玩家,连败,搜索引擎,2026-06-19,0
U100149,休闲玩家,连败,朋友推荐,2026-07-06,0
U100150,竞技玩家,卡关,内容平台,2026-07-12,0
U100151,竞技玩家,连败,朋友推荐,2026-07-05,0
U100152,休闲玩家,上分冲分,应用商店,2026-08-22,0
U100153,回归玩家,连败,内容平台,2026-07-18,0
U100154,竞技玩家,上分冲分,朋友推荐,2026-06-24,0
U100155,休闲玩家,卡关,搜索引擎,2026-09-16,1
U100156,新手玩家,连败,内容平台,2026-08-03,0
U100157,休闲玩家,卡关,搜索引擎,2026-08-19,0
U100158,竞技玩家,上分冲分,社交媒体,2026-07-19,0
U100159,竞技玩家,日常闲聊,内容平台,2026-07-14,0
U100160,竞技玩家,日常闲聊,社交媒体,2026-06-12,0
U100161,新手玩家,日常闲聊,搜索引擎,2026-07-29,0
U100162,新手玩家,日常闲聊,内容平台,2026-09-22,1
U100163,竞技玩家,连败,应用商店,2026-07-24,0
U100164,新手玩家,卡关,应用商店,2026-07-26,0
U100165,新手玩家,上分冲分,搜索引擎,2026-07-22,0
U100166,竞技玩家,卡关,社交媒体,2026-06-17,0
U100167,新手玩家,连败,应用商店,2026-07-29,0
U100168,回归玩家,攻略查询,应用商店,2026-07-07,0
U100169,休闲玩家,日常闲聊,朋友推荐,2026-06-23,0
U100170,休闲玩家,卡关,内容平台,2026-06-18,0
U100171,新手玩家,开黑组队,社交媒体,2026-07-07,0
U100172,休闲玩家,日常闲聊,朋友推荐,2026-08-05,0
U100173,竞技玩家,开黑组队,应用商店,2026-08-17,0
U100174,休闲玩家,开黑组队,应用商店,2026-05-27,0
U100175,回归玩家,攻略查询,搜索引擎,2026-07-29,0
U100176,休闲玩家,攻略查询,朋友推荐,2026-08-16,0
U100177,休闲玩家,连败,内容平台,2026-09-17,1
U100178,竞技玩家,卡关,搜索引擎,2026-06-20,0
U100179,回归玩家,连败,朋友推荐,2026-06-03,0
U100180,休闲玩家,上分冲分,搜索引擎,2026-06-25,0
U100181,回归玩家,连败,内容平台,2026-09-10,1
U100182,竞技玩家,日常闲聊,应用商店,2026-08-31,0
U100183,竞技玩家,连败,社交媒体,2026-08-30,0
U100184,竞技玩家,开黑组队,应用商店,2026-06-18,0
U100185,休闲玩家,连败,应用商店,2026-09-06,0
U100186,新手玩家,攻略查询,应用商店,2026-08-26,0
U100187,休闲玩家,连败,应用商店,2026-09-15,1
U100188,休闲玩家,上分冲分,应用商店,2026-06-20,0
U100189,回归玩家,连败,搜索引擎,2026-06-21,0
U100190,竞技玩家,开黑组队,朋友推荐,2026-06-22,0
U100191,回归玩家,开黑组队,内容平台,2026-06-11,0
U100192,休闲玩家,日常闲聊,社交媒体,2026-06-25,0
U100193,竞技玩家,开黑组队,应用商店,2026-07-02,0
U100194,竞技玩家,上分冲分,内容平台,2026-07-14,0
U100195,回归玩家,攻略查询,搜索引擎,2026-07-03,0
U100196,竞技玩家,卡关,应用商店,2026-06-29,0
U100197,竞技玩家,上分冲分,内容平台,2026-07-10,0
U100198,休闲玩家,连败,应用商店,2026-07-04,0
U100199,竞技玩家,连败,应用商店,2026-07-03,0
U100200,新手玩家,攻略查询,搜索引擎,2026-09-07,0
U100201,回归玩家,连败,朋友推荐,2026-05-31,0
U100202,回归玩家,卡关,内容平台,2026-07-28,0
U100203,新手玩家,连败,社交媒体,2026-06-17,0
U100204,休闲玩家,开黑组队,搜索引擎,2026-05-30,0
U100205,休闲玩家,攻略查询,应用商店,2026-07-28,0
U100206,回归玩家,攻略查询,社交媒体,2026-08-13,0
U100207,新手玩家,日常闲聊,内容平台,2026-07-07,0
U100208,竞技玩家,卡关,应用商店,2026-08-16,0
U100209,竞技玩家,开黑组队,应用商店,2026-06-16,0
U100210,回归玩家,卡关,朋友推荐,2026-07-13,0
U100211,休闲玩家,连败,社交媒体,2026-08-16,0
U100212,新手玩家,连败,社交媒体,2026-08-21,0
U100213,回归玩家,上分冲分,应用商店,2026-06-27,0
U100214,休闲玩家,日常闲聊,应用商店,2026-08-20,0
U100215,新手玩家,攻略查询,社交媒体,2026-08-23,0
U100216,新手玩家,上分冲分,应用商店,2026-07-28,0
U100217,休闲玩家,日常闲聊,社交媒体,2026-07-19,0
U100218,回归玩家,攻略查询,社交媒体,2026-07-30,0
U100219,竞技玩家,连败,社交媒体,2026-08-13,0
U100220,新手玩家,卡关,社交媒体,2026-09-04,0
U100221,竞技玩家,攻略查询,搜索引擎,2026-06-08,0
U100222,回归玩家,开黑组队,社交媒体,2026-06-28,0
U100223,回归玩家,卡关,应用商店,2026-09-18,1
U100224,竞技玩家,上分冲分,内容平台,2026-06-24,0
U100225,回归玩家,连败,朋友推荐,2026-08-22,0
U100226,新手玩家,连败,社交媒体,2026-07-01,0
U100227,新手玩家,上分冲分,朋友推荐,2026-07-30,0
U100228,新手玩家,日常闲聊,搜索引擎,2026-06-26,0
U100229,回归玩家,连败,社交媒体,2026-07-21,0
U100230,休闲玩家,上分冲分,朋友推荐,2026-07-10,0
U100231,回归玩家,卡关,应用商店,2026-06-06,0
U100232,休闲玩家,开黑组队,社交媒体,2026-06-09,0
U100233,回归玩家,上分冲分,社交媒体,2026-08-29,0
U100234,新手玩家,卡关,内容平台,2026-08-19,0
U100235,休闲玩家,日常闲聊,应用商店,2026-06-11,0
U100236,竞技玩家,攻略查询,社交媒体,2026-06-13,0
U100237,竞技玩家,连败,朋友推荐,2026-08-26,0
U100238,休闲玩家,连败,应用商店,2026-07-01,0
U100239,竞技玩家,上分冲分,内容平台,2026-08-03,0
U100240,竞技玩家,上分冲分,内容平台,2026-09-03,0
U100241,竞技玩家,连败,内容平台,2026-09-14,1
U100242,竞技玩家,攻略查询,应用商店,2026-07-20,0
U100243,休闲玩家,上分冲分,应用商店,2026-08-08,0
U100244,休闲玩家,连败,应用商店,2026-08-06,0
U100245,竞技玩家,上分冲分,朋友推荐,2026-05-27,0
U100246,回归玩家,开黑组队,社交媒体,2026-08-12,0
U100247,竞技玩家,连败,社交媒体,2026-06-16,0
U100248,休闲玩家,日常闲聊,社交媒体,2026-06-13,0
U100249,竞技玩家,卡关,社交媒体,2026-06-14,0
U100250,新手玩家,上分冲分,社交媒体,2026-07-03,0
U100251,休闲玩家,卡关,应用商店,2026-08-09,0
U100252,新手玩家,攻略查询,朋友推荐,2026-07-30,0
U100253,休闲玩家,上分冲分,应用商店,2026-07-09,0
U100254,休闲玩家,日常闲聊,内容平台,2026-06-15,0
U100255,休闲玩家,连败,内容平台,2026-08-31,0
U100256,竞技玩家,连败,应用商店,2026-06-07,0
U100257,回归玩家,日常闲聊,社交媒体,2026-07-25,0
U100258,新手玩家,日常闲聊,应用商店,2026-07-20,0
U100259,竞技玩家,上分冲分,社交媒体,2026-07-23,0
U100260,竞技玩家,攻略查询,应用商店,2026-08-15,0
U100261,休闲玩家,上分冲分,内容平台,2026-09-22,1
U100262,休闲玩家,上分冲分,应用商店,2026-08-06,0
U100263,新手玩家,攻略查询,社交媒体,2026-06-23,0
U100264,新手玩家,上分冲分,搜索引擎,2026-06-25,0
U100265,回归玩家,开黑组队,社交媒体,2026-06-02,0
U100266,新手玩家,卡关,社交媒体,2026-09-20,1
U100267,竞技玩家,上分冲分,朋友推荐,2026-08-28,0
U100268,回归玩家,卡关,应用商店,2026-06-07,0
U100269,竞技玩家,开黑组队,应用商店,2026-07-03,0
U100270,休闲玩家,卡关,社交媒体,2026-08-27,0
U100271,新手玩家,上分冲分,朋友推荐,2026-08-18,0
U100272,竞技玩家,上分冲分,社交媒体,2026-06-27,0
U100273,回归玩家,连败,应用商店,2026-06-21,0
U100274,竞技玩家,连败,应用商店,2026-07-19,0
U100275,休闲玩家,日常闲聊,内容平台,2026-07-06,0
U100276,回归玩家,连败,社交媒体,2026-08-17,0
U100277,竞技玩家,连败,社交媒体,2026-05-26,0
U100278,新手玩家,攻略查询,朋友推荐,2026-08-26,0
U100279,竞技玩家,日常闲聊,社交媒体,2026-09-12,1
U100280,回归玩家,连败,朋友推荐,2026-07-05,0
U100281,回归玩家,连败,应用商店,2026-06-17,0
U100282,休闲玩家,攻略查询,社交媒体,2026-07-01,0
U100283,回归玩家,卡关,应用商店,2026-06-11,0
U100284,休闲玩家,连败,朋友推荐,2026-09-03,0
U100285,休闲玩家,卡关,朋友推荐,2026-07-19,0
U100286,休闲玩家,连败,应用商店,2026-09-11,1
U100287,休闲玩家,日常闲聊,社交媒体,2026-09-02,0
U100288,回归玩家,上分冲分,朋友推荐,2026-08-05,0
U100289,新手玩家,上分冲分,搜索引擎,2026-07-05,0
U100290,休闲玩家,上分冲分,社交媒体,2026-07-09,0
U100291,新手玩家,攻略查询,应用商店,2026-07-04,0
U100292,竞技玩家,卡关,应用商店,2026-07-27,0
U100293,回归玩家,开黑组队,应用商店,2026-06-05,0
U100294,休闲玩家,上分冲分,社交媒体,2026-08-15,0
U100295,回归玩家,攻略查询,应用商店,2026-06-28,0
U100296,竞技玩家,连败,应用商店,2026-09-08,1
U100297,新手玩家,上分冲分,内容平台,2026-08-17,0
U100298,新手玩家,上分冲分,社交媒体,2026-09-14,1
U100299,休闲玩家,开黑组队,社交媒体,2026-09-09,1
U100300,竞技玩家,卡关,搜索引擎,2026-09-12,1
U100301,竞技玩家,连败,社交媒体,2026-06-19,0
U100302,回归玩家,攻略查询,应用商店,2026-06-30,0
U100303,新手玩家,攻略查询,应用商店,2026-06-21,0
U100304,回归玩家,连败,应用商店,2026-07-14,0
U100305,新手玩家,连败,应用商店,2026-06-12,0
U100306,竞技玩家,卡关,社交媒体,2026-08-31,0
U100307,回归玩家,上分冲分,应用商店,2026-07-30,0
U100308,休闲玩家,上分冲分,朋友推荐,2026-08-14,0
U100309,休闲玩家,攻略查询,搜索引擎,2026-09-22,1
U100310,竞技玩家,开黑组队,社交媒体,2026-09-09,1
U100311,竞技玩家,攻略查询,内容平台,2026-06-08,0
U100312,休闲玩家,攻略查询,内容平台,2026-09-09,1
U100313,新手玩家,连败,社交媒体,2026-08-02,0
U100314,竞技玩家,攻略查询,社交媒体,2026-07-23,0
U100315,休闲玩家,攻略查询,内容平台,2026-05-28,0
U100316,回归玩家,上分冲分,应用商店,2026-06-02,0
U100317,休闲玩家,上分冲分,内容平台,2026-09-19,1
U100318,新手玩家,上分冲分,朋友推荐,2026-08-03,0
U100319,回归玩家,开黑组队,应用商店,2026-06-28,0
U100320,新手玩家,连败,应用商店,2026-08-05,0
U100321,休闲玩家,上分冲分,应用商店,2026-06-11,0
U100322,竞技玩家,日常闲聊,应用商店,2026-08-14,0
U100323,休闲玩家,上分冲分,内容平台,2026-07-22,0
U100324,休闲玩家,上分冲分,内容平台,2026-07-10,0
U100325,回归玩家,上分冲分,应用商店,2026-09-07,0
U100326,竞技玩家,连败,应用商店,2026-08-11,0
U100327,休闲玩家,开黑组队,社交媒体,2026-06-10,0
U100328,休闲玩家,开黑组队,应用商店,2026-09-17,1
U100329,竞技玩家,攻略查询,内容平台,2026-07-10,0
U100330,竞技玩家,上分冲分,应用商店,2026-09-16,1
U100331,回归玩家,开黑组队,应用商店,2026-07-14,0
U100332,竞技玩家,连败,应用商店,2026-06-30,0
U100333,回归玩家,攻略查询,社交媒体,2026-08-21,0
U100334,休闲玩家,连败,应用商店,2026-09-11,1
U100335,竞技玩家,上分冲分,应用商店,2026-05-31,0
U100336,休闲玩家,卡关,社交媒体,2026-08-23,0
U100337,休闲玩家,开黑组队,搜索引擎,2026-07-27,0
U100338,新手玩家,攻略查询,搜索引擎,2026-06-18,0
U100339,新手玩家,攻略查询,社交媒体,2026-07-11,0
U100340,竞技玩家,上分冲分,搜索引擎,2026-08-06,0
U100341,休闲玩家,上分冲分,应用商店,2026-07-03,0
U100342,竞技玩家,日常闲聊,搜索引擎,2026-07-19,0
U100343,竞技玩家,上分冲分,内容平台,2026-08-21,0
U100344,休闲玩家,卡关,社交媒体,2026-06-16,0
U100345,休闲玩家,日常闲聊,应用商店,2026-07-18,0
U100346,竞技玩家,日常闲聊,应用商店,2026-07-27,0
U100347,回归玩家,连败,朋友推荐,2026-07-04,0
U100348,休闲玩家,上分冲分,搜索引擎,2026-05-29,0
U100349,竞技玩家,开黑组队,朋友推荐,2026-06-28,0
U100350,竞技玩家,攻略查询,社交媒体,2026-06-19,0
U100351,竞技玩家,攻略查询,社交媒体,2026-07-05,0
U100352,休闲玩家,上分冲分,应用商店,2026-07-30,0
U100353,新手玩家,开黑组队,应用商店,2026-05-28,0
U100354,休闲玩家,开黑组队,朋友推荐,2026-08-11,0
U100355,回归玩家,连败,朋友推荐,2026-09-03,0
U100356,回归玩家,上分冲分,应用商店,2026-08-30,0
U100357,竞技玩家,上分冲分,内容平台,2026-05-28,0
U100358,新手玩家,连败,社交媒体,2026-07-31,0
U100359,新手玩家,连败,应用商店,2026-08-01,0
U100360,回归玩家,开黑组队,内容平台,2026-09-05,0
U100361,休闲玩家,连败,社交媒体,2026-08-11,0
U100362,新手玩家,开黑组队,应用商店,2026-06-17,0
U100363,新手玩家,日常闲聊,应用商店,2026-09-20,1
U100364,休闲玩家,攻略查询,内容平台,2026-08-21,0
U100365,回归玩家,攻略查询,搜索引擎,2026-08-17,0
U100366,休闲玩家,开黑组队,应用商店,2026-07-18,0
U100367,回归玩家,日常闲聊,内容平台,2026-06-19,0
U100368,休闲玩家,开黑组队,内容平台,2026-09-17,1
U100369,竞技玩家,连败,社交媒体,2026-07-06,0
U100370,竞技玩家,攻略查询,社交媒体,2026-07-01,0
U100371,竞技玩家,上分冲分,内容平台,2026-09-08,1
U100372,竞技玩家,卡关,搜索引擎,2026-06-16,0
U100373,回归玩家,日常闲聊,搜索引擎,2026-09-13,1
U100374,竞技玩家,连败,社交媒体,2026-06-16,0
U100375,休闲玩家,连败,搜索引擎,2026-07-12,0
U100376,竞技玩家,上分冲分,应用商店,2026-07-30,0
U100377,竞技玩家,连败,应用商店,2026-07-10,0
U100378,竞技玩家,卡关,应用商店,2026-09-15,1
U100379,回归玩家,日常闲聊,朋友推荐,2026-07-28,0
U100380,休闲玩家,连败,搜索引擎,2026-08-19,0
U100381,休闲玩家,开黑组队,应用商店,2026-08-31,0
U100382,新手玩家,日常闲聊,应用商店,2026-09-09,1
U100383,休闲玩家,上分冲分,社交媒体,2026-08-21,0
U100384,回归玩家,攻略查询,应用商店,2026-07-21,0
U100385,休闲玩家,上分冲分,社交媒体,2026-08-20,0
U100386,回归玩家,连败,搜索引擎,2026-07-01,0
U100387,休闲玩家,攻略查询,朋友推荐,2026-08-18,0
U100388,回归玩家,攻略查询,搜索引擎,2026-06-12,0
U100389,休闲玩家,日常闲聊,应用商店,2026-05-26,0
U100390,新手玩家,开黑组队,朋友推荐,2026-07-06,0
U100391,竞技玩家,连败,应用商店,2026-07-05,0
U100392,休闲玩家,上分冲分,应用商店,2026-08-16,0
U100393,回归玩家,攻略查询,朋友推荐,2026-06-11,0
U100394,回归玩家,开黑组队,朋友推荐,2026-08-15,0
U100395,竞技玩家,连败,搜索引擎,2026-08-26,0
U100396,新手玩家,上分冲分,朋友推荐,2026-06-13,0
U100397,竞技玩家,开黑组队,朋友推荐,2026-09-17,1
U100398,休闲玩家,日常闲聊,朋友推荐,2026-08-12,0
U100399,休闲玩家,上分冲分,应用商店,2026-08-15,0
U100400,竞技玩家,日常闲聊,社交媒体,2026-08-08,0
U100401,休闲玩家,日常闲聊,应用商店,2026-07-07,0
U100402,休闲玩家,上分冲分,内容平台,2026-08-13,0
U100403,回归玩家,上分冲分,应用商店,2026-06-02,0
U100404,休闲玩家,连败,应用商店,2026-08-16,0
U100405,休闲玩家,上分冲分,搜索引擎,2026-07-07,0
U100406,竞技玩家,攻略查询,朋友推荐,2026-08-29,0
U100407,竞技玩家,上分冲分,搜索引擎,2026-07-19,0
U100408,休闲玩家,连败,应用商店,2026-09-07,0
U100409,回归玩家,上分冲分,内容平台,2026-09-01,0
U100410,休闲玩家,日常闲聊,搜索引擎,2026-09-09,1
U100411,竞技玩家,连败,社交媒体,2026-08-10,0
U100412,竞技玩家,日常闲聊,社交媒体,2026-09-22,1
U100413,休闲玩家,攻略查询,社交媒体,2026-06-25,0
U100414,休闲玩家,卡关,内容平台,2026-08-16,0
U100415,休闲玩家,开黑组队,应用商店,2026-08-15,0
U100416,回归玩家,开黑组队,搜索引擎,2026-06-02,0
U100417,休闲玩家,上分冲分,内容平台,2026-08-13,0
U100418,竞技玩家,开黑组队,应用商店,2026-09-04,0
U100419,竞技玩家,开黑组队,搜索引擎,2026-06-30,0
U100420,竞技玩家,日常闲聊,社交媒体,2026-06-03,0
U100421,竞技玩家,上分冲分,朋友推荐,2026-08-12,0
U100422,回归玩家,上分冲分,应用商店,2026-06-08,0
U100423,竞技玩家,连败,应用商店,2026-08-03,0
U100424,竞技玩家,卡关,应用商店,2026-07-17,0
U100425,竞技玩家,上分冲分,应用商店,2026-07-09,0
U100426,新手玩家,卡关,应用商店,2026-08-09,0
U100427,回归玩家,开黑组队,应用商店,2026-08-24,0
U100428,新手玩家,开黑组队,内容平台,2026-09-04,0
U100429,竞技玩家,上分冲分,内容平台,2026-09-01,0
U100430,休闲玩家,开黑组队,内容平台,2026-08-09,0
U100431,竞技玩家,卡关,应用商店,2026-06-13,0
U100432,回归玩家,攻略查询,朋友推荐,2026-07-13,0
U100433,竞技玩家,上分冲分,朋友推荐,2026-09-05,0
U100434,竞技玩家,开黑组队,应用商店,2026-06-25,0
U100435,回归玩家,攻略查询,应用商店,2026-08-09,0
U100436,回归玩家,日常闲聊,应用商店,2026-09-12,1
U100437,竞技玩家,连败,应用商店,2026-09-04,0
U100438,回归玩家,连败,社交媒体,2026-07-01,0
U100439,竞技玩家,连败,社交媒体,2026-07-31,0
U100440,休闲玩家,攻略查询,搜索引擎,2026-09-14,1
U100441,休闲玩家,卡关,社交媒体,2026-05-30,0
U100442,休闲玩家,日常闲聊,应用商店,2026-08-23,0
U100443,竞技玩家,卡关,朋友推荐,2026-06-30,0
U100444,回归玩家,上分冲分,应用商店,2026-08-02,0
U100445,竞技玩家,日常闲聊,应用商店,2026-07-01,0
U100446,竞技玩家,卡关,搜索引擎,2026-08-06,0
U100447,休闲玩家,攻略查询,社交媒体,2026-08-06,0
U100448,竞技玩家,日常闲聊,应用商店,2026-07-08,0
U100449,竞技玩家,日常闲聊,内容平台,2026-07-05,0
U100450,回归玩家,卡关,社交媒体,2026-07-11,0
U100451,新手玩家,攻略查询,应用商店,2026-08-24,0
U100452,休闲玩家,卡关,应用商店,2026-06-06,0
U100453,休闲玩家,连败,搜索引擎,2026-09-04,0
U100454,休闲玩家,卡关,应用商店,2026-06-22,0
U100455,新手玩家,攻略查询,社交媒体,2026-06-24,0
U100456,休闲玩家,攻略查询,朋友推荐,2026-08-22,0
U100457,休闲玩家,日常闲聊,搜索引擎,2026-06-03,0
U100458,竞技玩家,上分冲分,社交媒体,2026-09-13,1
U100459,竞技玩家,连败,社交媒体,2026-08-27,0
U100460,休闲玩家,卡关,朋友推荐,2026-07-12,0
U100461,竞技玩家,上分冲分,应用商店,2026-07-02,0
U100462,竞技玩家,开黑组队,社交媒体,2026-09-10,1
U100463,回归玩家,开黑组队,应用商店,2026-09-22,1
U100464,休闲玩家,攻略查询,搜索引擎,2026-06-27,0
U100465,休闲玩家,上分冲分,搜索引擎,2026-09-15,1
U100466,新手玩家,连败,应用商店,2026-07-23,0
U100467,休闲玩家,日常闲聊,朋友推荐,2026-06-30,0
U100468,竞技玩家,日常闲聊,应用商店,2026-07-18,0
U100469,休闲玩家,卡关,搜索引擎,2026-07-02,0
U100470,回归玩家,日常闲聊,朋友推荐,2026-09-01,0
U100471,竞技玩家,连败,应用商店,2026-07-06,0
U100472,竞技玩家,开黑组队,社交媒体,2026-08-02,0
U100473,竞技玩家,上分冲分,应用商店,2026-09-06,0
U100474,回归玩家,日常闲聊,社交媒体,2026-05-31,0
U100475,新手玩家,开黑组队,朋友推荐,2026-06-08,0
U100476,回归玩家,上分冲分,应用商店,2026-07-30,0
U100477,回归玩家,攻略查询,内容平台,2026-07-13,0
U100478,休闲玩家,攻略查询,内容平台,2026-07-07,0
U100479,休闲玩家,开黑组队,应用商店,2026-09-15,1
U100480,回归玩家,开黑组队,内容平台,2026-07-17,0
U100481,回归玩家,开黑组队,应用商店,2026-07-23,0
U100482,回归玩家,上分冲分,搜索引擎,2026-08-02,0
U100483,竞技玩家,日常闲聊,搜索引擎,2026-08-03,0
U100484,休闲玩家,上分冲分,社交媒体,2026-09-07,0
U100485,休闲玩家,开黑组队,应用商店,2026-07-21,0
U100486,回归玩家,攻略查询,搜索引擎,2026-08-13,0
U100487,竞技玩家,攻略查询,搜索引擎,2026-08-25,0
U100488,竞技玩家,日常闲聊,内容平台,2026-07-10,0
U100489,竞技玩家,卡关,社交媒体,2026-06-22,0
U100490,新手玩家,攻略查询,应用商店,2026-06-20,0
U100491,新手玩家,攻略查询,搜索引擎,2026-08-08,0
U100492,回归玩家,日常闲聊,内容平台,2026-06-02,0
U100493,回归玩家,攻略查询,应用商店,2026-07-03,0
U100494,回归玩家,上分冲分,内容平台,2026-09-05,0
U100495,休闲玩家,上分冲分,应用商店,2026-06-11,0
U100496,竞技玩家,日常闲聊,搜索引擎,2026-08-21,0
U100497,回归玩家,连败,内容平台,2026-07-06,0
U100498,竞技玩家,日常闲聊,应用商店,2026-07-16,0
U100499,竞技玩家,上分冲分,应用商店,2026-08-29,0
U100500,回归玩家,连败,社交媒体,2026-06-28,0
U100501,休闲玩家,卡关,社交媒体,2026-07-23,0
U100502,新手玩家,连败,应用商店,2026-07-17,0
U100503,竞技玩家,上分冲分,内容平台,2026-08-26,0
U100504,休闲玩家,日常闲聊,应用商店,2026-08-07,0
U100505,竞技玩家,卡关,应用商店,2026-08-09,0
U100506,新手玩家,连败,社交媒体,2026-09-02,0
U100507,休闲玩家,开黑组队,应用商店,2026-06-13,0
U100508,竞技玩家,日常闲聊,搜索引擎,2026-05-29,0
U100509,竞技玩家,上分冲分,朋友推荐,2026-06-25,0
U100510,休闲玩家,连败,应用商店,2026-07-31,0
U100511,回归玩家,上分冲分,朋友推荐,2026-09-03,0
U100512,竞技玩家,日常闲聊,搜索引擎,2026-08-30,0
U100513,竞技玩家,上分冲分,内容平台,2026-07-17,0
U100514,竞技玩家,卡关,社交媒体,2026-05-31,0
U100515,竞技玩家,日常闲聊,应用商店,2026-06-02,0
U100516,新手玩家,攻略查询,社交媒体,2026-09-02,0
U100517,休闲玩家,上分冲分,应用商店,2026-06-18,0
U100518,竞技玩家,攻略查询,朋友推荐,2026-07-29,0
U100519,竞技玩家,攻略查询,内容平台,2026-09-03,0
U100520,竞技玩家,卡关,朋友推荐,2026-07-15,0
U100521,回归玩家,攻略查询,内容平台,2026-07-05,0
U100522,回归玩家,上分冲分,内容平台,2026-07-24,0
U100523,新手玩家,上分冲分,应用商店,2026-08-17,0
U100524,休闲玩家,卡关,内容平台,2026-07-13,0
U100525,休闲玩家,开黑组队,应用商店,2026-06-11,0
U100526,休闲玩家,卡关,朋友推荐,2026-06-03,0
U100527,竞技玩家,连败,应用商店,2026-08-19,0
U100528,回归玩家,开黑组队,内容平台,2026-08-22,0
U100529,回归玩家,开黑组队,朋友推荐,2026-07-24,0
U100530,竞技玩家,连败,朋友推荐,2026-08-18,0
U100531,竞技玩家,攻略查询,朋友推荐,2026-09-10,1
U100532,休闲玩家,上分冲分,内容平台,2026-05-31,0
U100533,竞技玩家,上分冲分,应用商店,2026-07-02,0
U100534,竞技玩家,连败,朋友推荐,2026-06-17,0
U100535,休闲玩家,开黑组队,应用商店,2026-07-15,0
U100536,竞技玩家,卡关,朋友推荐,2026-08-21,0
U100537,休闲玩家,上分冲分,应用商店,2026-08-07,0
U100538,休闲玩家,日常闲聊,社交媒体,2026-06-28,0
U100539,竞技玩家,连败,内容平台,2026-06-15,0
U100540,竞技玩家,日常闲聊,内容平台,2026-08-04,0
U100541,竞技玩家,日常闲聊,内容平台,2026-06-20,0
U100542,休闲玩家,卡关,应用商店,2026-07-16,0
U100543,回归玩家,日常闲聊,内容平台,2026-07-06,0
U100544,新手玩家,攻略查询,朋友推荐,2026-05-29,0
U100545,竞技玩家,连败,搜索引擎,2026-08-26,0
U100546,竞技玩家,攻略查询,应用商店,2026-08-08,0
U100547,新手玩家,上分冲分,社交媒体,2026-08-04,0
U100548,竞技玩家,攻略查询,社交媒体,2026-06-27,0
U100549,竞技玩家,开黑组队,朋友推荐,2026-06-23,0
U100550,新手玩家,卡关,应用商店,2026-07-13,0
U100551,新手玩家,日常闲聊,应用商店,2026-09-21,1
U100552,休闲玩家,上分冲分,内容平台,2026-07-27,0
U100553,休闲玩家,攻略查询,内容平台,2026-06-27,0
U100554,休闲玩家,开黑组队,应用商店,2026-07-26,0
U100555,休闲玩家,开黑组队,社交媒体,2026-07-19,0
U100556,休闲玩家,开黑组队,应用商店,2026-07-13,0
U100557,竞技玩家,攻略查询,内容平台,2026-07-08,0
U100558,休闲玩家,攻略查询,社交媒体,2026-08-08,0
U100559,休闲玩家,连败,应用商店,2026-08-07,0
U100560,竞技玩家,攻略查询,朋友推荐,2026-06-16,0
U100561,回归玩家,卡关,社交媒体,2026-07-05,0
U100562,休闲玩家,连败,朋友推荐,2026-08-26,0
U100563,休闲玩家,日常闲聊,内容平台,2026-09-12,1
U100564,竞技玩家,开黑组队,应用商店,2026-08-25,0
U100565,竞技玩家,日常闲聊,社交媒体,2026-08-28,0
U100566,竞技玩家,连败,应用商店,2026-08-07,0
U100567,竞技玩家,上分冲分,搜索引擎,2026-07-14,0
U100568,竞技玩家,连败,朋友推荐,2026-07-12,0
U100569,回归玩家,上分冲分,社交媒体,2026-08-15,0
U100570,回归玩家,上分冲分,应用商店,2026-06-12,0
U100571,回归玩家,开黑组队,应用商店,2026-09-14,1
U100572,休闲玩家,开黑组队,朋友推荐,2026-09-22,1
U100573,回归玩家,上分冲分,应用商店,2026-09-14,1
U100574,休闲玩家,卡关,应用商店,2026-07-22,0
U100575,休闲玩家,连败,应用商店,2026-09-03,0
U100576,回归玩家,攻略查询,应用商店,2026-09-02,0
U100577,新手玩家,开黑组队,社交媒体,2026-07-02,0
U100578,回归玩家,上分冲分,应用商店,2026-07-23,0
U100579,回归玩家,上分冲分,应用商店,2026-06-10,0
U100580,休闲玩家,卡关,社交媒体,2026-07-15,0
U100581,竞技玩家,上分冲分,内容平台,2026-08-04,0
U100582,竞技玩家,上分冲分,搜索引擎,2026-07-10,0
U100583,新手玩家,上分冲分,社交媒体,2026-07-18,0
U100584,休闲玩家,卡关,社交媒体,2026-07-17,0
U100585,竞技玩家,上分冲分,搜索引擎,2026-08-14,0
U100586,休闲玩家,开黑组队,社交媒体,2026-08-04,0
U100587,竞技玩家,卡关,内容平台,2026-09-20,1
U100588,休闲玩家,上分冲分,应用商店,2026-05-26,0
U100589,休闲玩家,上分冲分,应用商店,2026-09-18,1
U100590,竞技玩家,连败,社交媒体,2026-09-03,0
U100591,休闲玩家,卡关,社交媒体,2026-05-30,0
U100592,新手玩家,连败,社交媒体,2026-09-03,0
U100593,回归玩家,上分冲分,搜索引擎,2026-07-11,0
U100594,回归玩家,开黑组队,应用商店,2026-07-30,0
U100595,新手玩家,上分冲分,内容平台,2026-07-19,0
U100596,新手玩家,卡关,社交媒体,2026-06-26,0
U100597,休闲玩家,攻略查询,搜索引擎,2026-06-28,0
U100598,回归玩家,上分冲分,社交媒体,2026-09-09,1
U100599,新手玩家,开黑组队,内容平台,2026-06-10,0
U100600,回归玩家,日常闲聊,朋友推荐,2026-08-24,0
U100601,休闲玩家,上分冲分,应用商店,2026-05-30,0
U100602,竞技玩家,开黑组队,应用商店,2026-08-16,0
U100603,竞技玩家,上分冲分,应用商店,2026-07-16,0
U100604,竞技玩家,上分冲分,应用商店,2026-08-23,0
U100605,新手玩家,攻略查询,内容平台,2026-06-03,0
U100606,竞技玩家,开黑组队,搜索引擎,2026-08-06,0
U100607,休闲玩家,上分冲分,应用商店,2026-05-30,0
U100608,回归玩家,开黑组队,应用商店,2026-08-22,0
U100609,休闲玩家,连败,应用商店,2026-06-14,0
U100610,休闲玩家,连败,应用商店,2026-06-09,0
U100611,新手玩家,连败,社交媒体,2026-07-06,0
U100612,新手玩家,卡关,社交媒体,2026-07-29,0
U100613,休闲玩家,上分冲分,搜索引擎,2026-09-15,1
U100614,新手玩家,攻略查询,搜索引擎,2026-06-24,0
U100615,竞技玩家,卡关,社交媒体,2026-06-05,0
U100616,新手玩家,上分冲分,应用商店,2026-07-31,0
U100617,新手玩家,日常闲聊,应用商店,2026-06-11,0
U100618,回归玩家,攻略查询,内容平台,2026-06-02,0
U100619,回归玩家,开黑组队,应用商店,2026-09-07,0
U100620,新手玩家,连败,搜索引擎,2026-09-10,1
U100621,休闲玩家,上分冲分,朋友推荐,2026-08-08,0
U100622,回归玩家,攻略查询,内容平台,2026-08-15,0
U100623,竞技玩家,连败,应用商店,2026-06-16,0
U100624,休闲玩家,上分冲分,朋友推荐,2026-07-21,0
U100625,休闲玩家,日常闲聊,应用商店,2026-07-25,0
U100626,休闲玩家,日常闲聊,社交媒体,2026-06-15,0
U100627,竞技玩家,开黑组队,应用商店,2026-05-27,0
U100628,休闲玩家,卡关,搜索引擎,2026-07-17,0
U100629,竞技玩家,上分冲分,内容平台,2026-08-31,0
U100630,休闲玩家,连败,内容平台,2026-08-19,0
U100631,回归玩家,开黑组队,应用商店,2026-06-11,0
U100632,回归玩家,卡关,朋友推荐,2026-09-21,1
U100633,休闲玩家,卡关,社交媒体,2026-09-18,1
U100634,回归玩家,连败,内容平台,2026-07-24,0
U100635,新手玩家,连败,社交媒体,2026-07-11,0
U100636,回归玩家,上分冲分,朋友推荐,2026-07-24,0
U100637,新手玩家,卡关,应用商店,2026-09-13,1
U100638,休闲玩家,卡关,朋友推荐,2026-06-02,0
U100639,休闲玩家,卡关,应用商店,2026-07-04,0
U100640,竞技玩家,攻略查询,应用商店,2026-06-19,0
U100641,休闲玩家,卡关,社交媒体,2026-09-11,1
U100642,休闲玩家,攻略查询,社交媒体,2026-08-14,0
U100643,竞技玩家,连败,朋友推荐,2026-08-01,0
U100644,休闲玩家,开黑组队,社交媒体,2026-09-16,1
U100645,休闲玩家,上分冲分,内容平台,2026-08-14,0
U100646,回归玩家,连败,社交媒体,2026-09-11,1
U100647,竞技玩家,日常闲聊,社交媒体,2026-06-27,0
U100648,新手玩家,连败,应用商店,2026-06-06,0
U100649,竞技玩家,连败,社交媒体,2026-08-19,0
U100650,竞技玩家,连败,应用商店,2026-07-14,0
U100651,休闲玩家,连败,朋友推荐,2026-06-19,0
U100652,新手玩家,卡关,朋友推荐,2026-09-09,1
U100653,休闲玩家,上分冲分,社交媒体,2026-08-15,0
U100654,休闲玩家,连败,内容平台,2026-08-20,0
U100655,新手玩家,开黑组队,社交媒体,2026-08-27,0
U100656,休闲玩家,开黑组队,内容平台,2026-08-13,0
U100657,休闲玩家,连败,应用商店,2026-06-23,0
U100658,新手玩家,连败,内容平台,2026-06-29,0
U100659,新手玩家,日常闲聊,社交媒体,2026-06-12,0
U100660,新手玩家,上分冲分,应用商店,2026-07-14,0
U100661,回归玩家,日常闲聊,社交媒体,2026-06-25,0
U100662,新手玩家,开黑组队,内容平台,2026-09-01,0
U100663,新手玩家,上分冲分,搜索引擎,2026-09-17,1
U100664,新手玩家,日常闲聊,社交媒体,2026-09-16,1
U100665,竞技玩家,日常闲聊,搜索引擎,2026-07-26,0
U100666,竞技玩家,攻略查询,应用商店,2026-07-15,0
U100667,竞技玩家,上分冲分,朋友推荐,2026-08-27,0
U100668,竞技玩家,上分冲分,朋友推荐,2026-09-07,0
U100669,竞技玩家,上分冲分,社交媒体,2026-08-09,0
U100670,休闲玩家,日常闲聊,应用商店,2026-07-15,0
U100671,休闲玩家,攻略查询,内容平台,2026-09-14,1
U100672,休闲玩家,卡关,朋友推荐,2026-06-11,0
U100673,回归玩家,卡关,应用商店,2026-08-25,0
U100674,新手玩家,连败,应用商店,2026-07-08,0
U100675,休闲玩家,开黑组队,社交媒体,2026-06-18,0
U100676,新手玩家,日常闲聊,社交媒体,2026-09-04,0
U100677,休闲玩家,日常闲聊,内容平台,2026-09-22,1
U100678,竞技玩家,连败,应用商店,2026-08-22,0
U100679,休闲玩家,上分冲分,社交媒体,2026-06-16,0
U100680,回归玩家,卡关,应用商店,2026-09-19,1
U100681,竞技玩家,卡关,应用商店,2026-08-04,0
U100682,回归玩家,连败,应用商店,2026-08-01,0
U100683,竞技玩家,日常闲聊,内容平台,2026-09-10,1
U100684,新手玩家,卡关,应用商店,2026-08-21,0
U100685,休闲玩家,连败,社交媒体,2026-06-25,0
U100686,竞技玩家,攻略查询,内容平台,2026-09-06,0
U100687,回归玩家,卡关,应用商店,2026-06-11,0
U100688,竞技玩家,卡关,社交媒体,2026-07-23,0
U100689,竞技玩家,日常闲聊,内容平台,2026-08-14,0
U100690,新手玩家,上分冲分,应用商店,2026-07-14,0
U100691,竞技玩家,攻略查询,应用商店,2026-06-11,0
U100692,竞技玩家,连败,应用商店,2026-09-15,1
U100693,回归玩家,攻略查询,社交媒体,2026-07-13,0
U100694,休闲玩家,开黑组队,内容平台,2026-07-15,0
U100695,新手玩家,攻略查询,搜索引擎,2026-09-20,1
U100696,新手玩家,卡关,应用商店,2026-06-10,0
U100697,新手玩家,上分冲分,朋友推荐,2026-06-08,0
U100698,竞技玩家,日常闲聊,内容平台,2026-07-30,0
U100699,竞技玩家,卡关,内容平台,2026-09-19,1
U100700,休闲玩家,卡关,内容平台,2026-07-26,0
U100701,回归玩家,连败,朋友推荐,2026-09-16,1
U100702,新手玩家,攻略查询,内容平台,2026-09-14,1
U100703,休闲玩家,开黑组队,应用商店,2026-06-23,0
U100704,竞技玩家,连败,搜索引擎,2026-08-18,0
U100705,竞技玩家,日常闲聊,朋友推荐,2026-08-30,0
U100706,休闲玩家,开黑组队,应用商店,2026-06-10,0
U100707,回归玩家,攻略查询,内容平台,2026-08-31,0
U100708,回归玩家,日常闲聊,朋友推荐,2026-08-18,0
U100709,竞技玩家,攻略查询,应用商店,2026-08-31,0
U100710,休闲玩家,连败,内容平台,2026-09-18,1
U100711,休闲玩家,连败,社交媒体,2026-06-14,0
U100712,休闲玩家,连败,社交媒体,2026-06-13,0
U100713,竞技玩家,卡关,内容平台,2026-08-28,0
U100714,休闲玩家,上分冲分,应用商店,2026-09-08,1
U100715,竞技玩家,上分冲分,朋友推荐,2026-08-28,0
U100716,竞技玩家,开黑组队,应用商店,2026-07-10,0
U100717,回归玩家,卡关,搜索引擎,2026-07-13,0
U100718,竞技玩家,上分冲分,应用商店,2026-09-18,1
U100719,竞技玩家,上分冲分,社交媒体,2026-07-06,0
U100720,竞技玩家,上分冲分,内容平台,2026-09-06,0
U100721,回归玩家,日常闲聊,社交媒体,2026-09-12,1
U100722,休闲玩家,日常闲聊,内容平台,2026-07-22,0
U100723,新手玩家,上分冲分,应用商店,2026-08-22,0
U100724,休闲玩家,连败,社交媒体,2026-09-03,0
U100725,竞技玩家,开黑组队,内容平台,2026-07-31,0
U100726,休闲玩家,连败,应用商店,2026-06-18,0
U100727,回归玩家,上分冲分,社交媒体,2026-09-03,0
U100728,休闲玩家,日常闲聊,内容平台,2026-09-09,1
U100729,休闲玩家,日常闲聊,社交媒体,2026-07-27,0
U100730,新手玩家,攻略查询,朋友推荐,2026-08-31,0
U100731,新手玩家,攻略查询,应用商店,2026-07-24,0
U100732,竞技玩家,上分冲分,社交媒体,2026-08-07,0
U100733,休闲玩家,上分冲分,应用商店,2026-08-14,0
U100734,回归玩家,日常闲聊,社交媒体,2026-07-08,0
U100735,竞技玩家,上分冲分,社交媒体,2026-06-22,0
U100736,休闲玩家,上分冲分,内容平台,2026-07-26,0
U100737,休闲玩家,连败,内容平台,2026-08-09,0
U100738,新手玩家,连败,社交媒体,2026-07-15,0
U100739,回归玩家,卡关,应用商店,2026-08-01,0
U100740,竞技玩家,连败,社交媒体,2026-09-06,0
U100741,休闲玩家,上分冲分,朋友推荐,2026-07-25,0
U100742,新手玩家,连败,朋友推荐,2026-07-23,0
U100743,竞技玩家,上分冲分,应用商店,2026-08-24,0
U100744,竞技玩家,开黑组队,朋友推荐,2026-08-02,0
U100745,新手玩家,日常闲聊,社交媒体,2026-09-12,1
U100746,竞技玩家,卡关,应用商店,2026-09-20,1
U100747,新手玩家,上分冲分,应用商店,2026-06-29,0
U100748,竞技玩家,攻略查询,应用商店,2026-07-09,0
U100749,新手玩家,日常闲聊,社交媒体,2026-09-15,1
U100750,回归玩家,日常闲聊,内容平台,2026-08-28,0
U100751,休闲玩家,日常闲聊,应用商店,2026-09-08,1
U100752,休闲玩家,连败,朋友推荐,2026-08-04,0
U100753,休闲玩家,开黑组队,应用商店,2026-08-21,0
U100754,竞技玩家,连败,内容平台,2026-08-23,0
U100755,竞技玩家,上分冲分,社交媒体,2026-07-23,0
U100756,回归玩家,连败,应用商店,2026-08-04,0
U100757,回归玩家,开黑组队,社交媒体,2026-05-26,0
U100758,休闲玩家,卡关,社交媒体,2026-08-30,0
U100759,回归玩家,卡关,朋友推荐,2026-06-11,0
U100760,竞技玩家,卡关,搜索引擎,2026-07-07,0
U100761,新手玩家,卡关,应用商店,2026-07-05,0
U100762,新手玩家,上分冲分,朋友推荐,2026-07-05,0
U100763,竞技玩家,上分冲分,搜索引擎,2026-08-11,0
U100764,休闲玩家,上分冲分,内容平台,2026-08-22,0
U100765,休闲玩家,连败,社交媒体,2026-06-17,0
U100766,竞技玩家,连败,应用商店,2026-09-04,0
U100767,回归玩家,日常闲聊,搜索引擎,2026-07-20,0
U100768,竞技玩家,日常闲聊,搜索引擎,2026-09-09,1
U100769,休闲玩家,连败,应用商店,2026-06-11,0
U100770,竞技玩家,攻略查询,社交媒体,2026-07-31,0
U100771,竞技玩家,日常闲聊,内容平台,2026-08-05,0
U100772,休闲玩家,日常闲聊,社交媒体,2026-08-27,0
U100773,竞技玩家,连败,朋友推荐,2026-07-01,0
U100774,竞技玩家,连败,内容平台,2026-08-19,0
U100775,回归玩家,攻略查询,应用商店,2026-06-29,0
U100776,新手玩家,上分冲分,应用商店,2026-07-17,0
U100777,休闲玩家,连败,社交媒体,2026-08-01,0
U100778,竞技玩家,连败,内容平台,2026-08-03,0
U100779,休闲玩家,卡关,社交媒体,2026-07-14,0
U100780,新手玩家,日常闲聊,内容平台,2026-08-03,0
U100781,竞技玩家,卡关,朋友推荐,2026-08-12,0
U100782,回归玩家,上分冲分,搜索引擎,2026-06-19,0
U100783,新手玩家,连败,社交媒体,2026-08-11,0
U100784,休闲玩家,开黑组队,社交媒体,2026-06-18,0
U100785,休闲玩家,上分冲分,应用商店,2026-07-16,0
U100786,休闲玩家,上分冲分,内容平台,2026-06-04,0
U100787,休闲玩家,连败,朋友推荐,2026-06-19,0
U100788,回归玩家,上分冲分,应用商店,2026-07-21,0
U100789,休闲玩家,上分冲分,内容平台,2026-07-16,0
U100790,休闲玩家,卡关,搜索引擎,2026-09-10,1
U100791,休闲玩家,上分冲分,社交媒体,2026-07-24,0
U100792,休闲玩家,攻略查询,朋友推荐,2026-08-01,0
U100793,回归玩家,连败,内容平台,2026-08-21,0
U100794,回归玩家,连败,应用商店,2026-09-19,1
U100795,休闲玩家,连败,搜索引擎,2026-05-28,0
U100796,休闲玩家,卡关,朋友推荐,2026-08-05,0
U100797,回归玩家,上分冲分,应用商店,2026-08-21,0
U100798,回归玩家,卡关,社交媒体,2026-08-13,0
U100799,休闲玩家,开黑组队,社交媒体,2026-06-27,0
U100800,竞技玩家,攻略查询,内容平台,2026-09-09,1
U100801,休闲玩家,连败,朋友推荐,2026-08-08,0
U100802,新手玩家,开黑组队,朋友推荐,2026-09-02,0
U100803,休闲玩家,上分冲分,搜索引擎,2026-08-18,0
U100804,新手玩家,卡关,搜索引擎,2026-07-27,0
U100805,休闲玩家,连败,应用商店,2026-08-23,0
U100806,竞技玩家,连败,搜索引擎,2026-07-25,0
U100807,回归玩家,攻略查询,内容平台,2026-06-20,0
U100808,休闲玩家,卡关,搜索引擎,2026-06-16,0
U100809,竞技玩家,连败,社交媒体,2026-06-04,0
U100810,回归玩家,攻略查询,社交媒体,2026-08-06,0
U100811,休闲玩家,上分冲分,应用商店,2026-06-30,0
U100812,新手玩家,卡关,应用商店,2026-07-24,0
U100813,竞技玩家,卡关,朋友推荐,2026-08-19,0
U100814,竞技玩家,开黑组队,搜索引擎,2026-07-20,0
U100815,竞技玩家,日常闲聊,应用商店,2026-06-01,0
U100816,回归玩家,日常闲聊,应用商店,2026-06-06,0
U100817,竞技玩家,攻略查询,社交媒体,2026-09-07,0
U100818,休闲玩家,攻略查询,朋友推荐,2026-06-09,0
U100819,回归玩家,上分冲分,朋友推荐,2026-08-25,0
U100820,休闲玩家,上分冲分,搜索引擎,2026-08-16,0
U100821,新手玩家,日常闲聊,社交媒体,2026-06-05,0
U100822,新手玩家,开黑组队,搜索引擎,2026-09-07,0
U100823,竞技玩家,连败,搜索引擎,2026-07-05,0
U100824,竞技玩家,开黑组队,搜索引擎,2026-09-21,1
U100825,新手玩家,攻略查询,社交媒体,2026-06-11,0
U100826,竞技玩家,连败,应用商店,2026-09-06,0
U100827,竞技玩家,连败,应用商店,2026-06-28,0
U100828,新手玩家,攻略查询,内容平台,2026-06-29,0
U100829,休闲玩家,卡关,应用商店,2026-07-30,0
U100830,新手玩家,卡关,社交媒体,2026-07-08,0
U100831,休闲玩家,连败,应用商店,2026-09-18,1
U100832,竞技玩家,攻略查询,应用商店,2026-09-15,1
U100833,休闲玩家,攻略查询,社交媒体,2026-07-10,0
U100834,休闲玩家,开黑组队,社交媒体,2026-07-16,0
U100835,竞技玩家,上分冲分,应用商店,2026-07-17,0
U100836,休闲玩家,上分冲分,搜索引擎,2026-08-05,0
U100837,休闲玩家,上分冲分,朋友推荐,2026-07-08,0
U100838,新手玩家,日常闲聊,搜索引擎,2026-07-24,0
U100839,新手玩家,上分冲分,应用商店,2026-08-26,0
U100840,休闲玩家,卡关,应用商店,2026-08-15,0
U100841,休闲玩家,日常闲聊,社交媒体,2026-08-21,0
U100842,竞技玩家,卡关,社交媒体,2026-07-07,0
U100843,竞技玩家,卡关,社交媒体,2026-08-30,0
U100844,休闲玩家,卡关,应用商店,2026-07-19,0
U100845,新手玩家,日常闲聊,应用商店,2026-06-01,0
U100846,竞技玩家,上分冲分,应用商店,2026-06-26,0
U100847,新手玩家,连败,社交媒体,2026-07-21,0
U100848,竞技玩家,日常闲聊,内容平台,2026-07-02,0
U100849,新手玩家,上分冲分,朋友推荐,2026-08-28,0
U100850,回归玩家,卡关,朋友推荐,2026-09-12,1
U100851,竞技玩家,上分冲分,社交媒体,2026-09-05,0
U100852,休闲玩家,卡关,应用商店,2026-07-18,0
U100853,竞技玩家,连败,朋友推荐,2026-07-16,0
U100854,竞技玩家,卡关,朋友推荐,2026-07-21,0
U100855,回归玩家,上分冲分,搜索引擎,2026-07-22,0
U100856,回归玩家,卡关,应用商店,2026-08-14,0
U100857,休闲玩家,日常闲聊,社交媒体,2026-06-07,0
U100858,休闲玩家,攻略查询,搜索引擎,2026-07-04,0
U100859,休闲玩家,连败,社交媒体,2026-06-11,0
U100860,竞技玩家,连败,应用商店,2026-07-16,0
U100861,休闲玩家,日常闲聊,应用商店,2026-06-15,0
U100862,回归玩家,上分冲分,社交媒体,2026-06-15,0
U100863,休闲玩家,卡关,朋友推荐,2026-07-17,0
U100864,回归玩家,卡关,搜索引擎,2026-05-26,0
U100865,休闲玩家,连败,搜索引擎,2026-08-20,0
U100866,竞技玩家,日常闲聊,内容平台,2026-08-13,0
U100867,竞技玩家,开黑组队,内容平台,2026-07-16,0
U100868,竞技玩家,开黑组队,社交媒体,2026-09-01,0
U100869,竞技玩家,卡关,社交媒体,2026-07-18,0
U100870,休闲玩家,上分冲分,内容平台,2026-07-29,0
U100871,新手玩家,连败,搜索引擎,2026-06-02,0
U100872,竞技玩家,开黑组队,内容平台,2026-06-13,0
U100873,新手玩家,连败,搜索引擎,2026-05-28,0
U100874,回归玩家,卡关,搜索引擎,2026-07-07,0
U100875,竞技玩家,日常闲聊,应用商店,2026-06-08,0
U100876,回归玩家,上分冲分,应用商店,2026-07-16,0
U100877,回归玩家,卡关,应用商店,2026-06-20,0
U100878,竞技玩家,开黑组队,朋友推荐,2026-08-30,0
U100879,竞技玩家,上分冲分,应用商店,2026-06-26,0
U100880,休闲玩家,连败,内容平台,2026-06-17,0
U100881,竞技玩家,卡关,搜索引擎,2026-07-28,0
U100882,竞技玩家,连败,内容平台,2026-09-21,1
U100883,新手玩家,上分冲分,应用商店,2026-06-22,0
U100884,回归玩家,连败,社交媒体,2026-07-09,0
U100885,新手玩家,连败,搜索引擎,2026-09-06,0
U100886,竞技玩家,卡关,应用商店,2026-08-15,0
U100887,休闲玩家,日常闲聊,内容平台,2026-07-24,0
U100888,竞技玩家,开黑组队,朋友推荐,2026-09-09,1
U100889,休闲玩家,上分冲分,搜索引擎,2026-09-17,1
U100890,休闲玩家,连败,朋友推荐,2026-09-15,1
U100891,竞技玩家,开黑组队,应用商店,2026-07-22,0
U100892,竞技玩家,日常闲聊,搜索引擎,2026-06-29,0
U100893,竞技玩家,上分冲分,社交媒体,2026-09-08,1
U100894,休闲玩家,攻略查询,社交媒体,2026-05-30,0
U100895,休闲玩家,上分冲分,搜索引擎,2026-06-25,0
U100896,竞技玩家,连败,内容平台,2026-07-17,0
U100897,回归玩家,开黑组队,内容平台,2026-06-15,0
U100898,竞技玩家,攻略查询,社交媒体,2026-07-03,0
U100899,竞技玩家,攻略查询,搜索引擎,2026-09-22,1
